Test,AnimalID,Treatment,Code,Stage,Trial,Apparatus,Date,Duration (s),Distance (m),Mean speed (m/s),NE : time (s),NE : distance (m),NE : average speed (m/s),NW : time (s),NW : distance (m),NW : average speed (m/s),SE : time (s),SE : distance (m),SE : average speed (m/s),SW : time (s),SW : distance (m),SW : average speed (m/s),Island : distance to first entry (m),Island : latency to first entry (s),Thigmitaxis : time (s),Thigmitaxis : distance (m),Thigmitaxis : average speed (m/s),Diet,Sex,Age (months)
1,250530_1,,,Day1,1,MWM_150,12/15/2025,60,17.419,0.29,0,0,,0,0,,6,2.368,0.397,54,15.052,0.279,,,1.3,2.219,1.662,HFD,M,12
2,250530_2,,,Day1,1,MWM_150,12/15/2025,60,13.369,0.223,1.1,0.198,0.18,9.4,1.792,0.191,31.7,6.668,0.21,17.8,4.712,0.265,,,23.9,4.509,0.188,HFD,M,12
3,250530_3,,,Day1,1,MWM_150,12/15/2025,5.4,0.873,0.161,0,0,,3.8,0.627,0.164,0,0,,1.6,0.246,0.154,0,0,0,0,,HFD,M,11
4,250530_4,,,Day1,1,MWM_150,12/15/2025,36.6,5.161,0.141,0,0,,22.7,3.608,0.159,1.5,0.187,0.125,12.4,1.366,0.11,5.083,31.5,14.1,1.888,0.134,HFD,M,11
5,250530_5,,,Day1,1,MWM_150,12/15/2025,25,3.364,0.135,0,0,,0,0,,7.5,1.499,0.199,17.4,1.865,0.107,3.242,19.9,4.7,1.014,0.216,HFD,M,11
6,250530_6,,,Day1,1,MWM_150,12/15/2025,20,3.63,0.182,5.2,1.058,0.205,8,1.504,0.188,0,0,,6.8,1.068,0.158,2.832,14.9,1.3,0.183,0.145,HFD,M,11
7,250530_8,,,Day1,1,MWM_150,12/15/2025,6,0.198,0.033,0,0,,0,0,,0,0,,6,0.198,0.033,0,0,0,0,,HFD,F,12
8,250530_9,,,Day1,1,MWM_150,12/15/2025,60,9.315,0.155,44.5,6.665,0.15,12.8,2.074,0.162,1.4,0.305,0.223,1.4,0.272,0.2,,,12.7,1.528,0.12,HFD,F,12
9,250530_11,,,Day1,1,MWM_150,12/15/2025,60,11.658,0.194,3.6,0.671,0.185,0,0,,34.5,6.186,0.179,21.8,4.801,0.22,,,38.4,5.569,0.145,HFD,M,12
10,250530_12,,,Day1,1,MWM_150,12/15/2025,60,11.435,0.191,11.6,2.268,0.196,3.1,0.643,0.21,22.9,4.563,0.2,19.6,3.419,0.175,,,26.3,4.647,0.177,HFD,M,12
11,250530_13,,,Day1,1,MWM_150,12/15/2025,23.9,3.277,0.137,0,0,,3.1,0.319,0.104,2,0.389,0.191,18.8,2.57,0.137,3.249,18.8,8.6,1.452,0.169,HFD,M,11
12,250530_14,,,Day1,1,MWM_150,12/15/2025,60,8.627,0.144,0,0,,14.6,1.54,0.106,0.1,0.202,3.055,45.4,6.886,0.152,,,19.7,2.583,0.131,HFD,M,11
13,250530_15,,,Day1,1,MWM_150,12/15/2025,60,9.572,0.16,8.5,0.788,0.093,0,0,,8.3,2.182,0.262,32.8,5.662,0.172,,,20.3,3.178,0.157,HFD,F,12
14,250530_16,,,Day1,1,MWM_150,12/15/2025,60,9.896,0.165,11.5,2.114,0.184,22.7,4.245,0.187,8.7,1.794,0.206,17,1.709,0.1,,,10.2,1.163,0.114,HFD,F,12
15,250530_18,,,Day1,1,MWM_150,12/15/2025,11.7,1.144,0.098,0,0,,0,0,,1.1,0.101,0.095,10.7,1.043,0.098,1.089,6.7,0,0,,HFD,F,12
16,250530_19,,,Day1,1,MWM_150,12/15/2025,60,14.402,0.24,14.9,3.471,0.232,20.1,3.204,0.16,11.5,2.079,0.181,10.8,5.198,0.483,,,36,6.183,0.172,HFD,F,11
17,250530_20,,,Day1,1,MWM_150,12/15/2025,60,14.79,0.247,20.6,5.254,0.255,12.4,2.393,0.193,14.5,2.922,0.201,9.4,3.694,0.392,,,32.5,7.631,0.235,HFD,F,11
18,250530_21,,,Day1,1,MWM_150,12/15/2025,60,22.808,0.38,3.5,0.785,0.224,13.4,2.197,0.164,5.4,2.992,0.554,37.1,16.726,0.45,,,26.8,10.42,0.389,HFD,F,11
19,250530_22,,,Day1,1,MWM_150,12/15/2025,20,3.146,0.157,2.7,0.681,0.249,0,0,,7.1,1.678,0.236,10.2,0.787,0.077,3.066,15,0,0,,HFD,F,8
20,250530_23,,,Day1,1,MWM_150,12/15/2025,60,11.381,0.19,0,0,,7,0.853,0.121,12.1,2.604,0.215,40.8,7.924,0.194,,,31.4,4.403,0.14,HFD,M,15
21,250530_25,,,Day1,1,MWM_150,12/15/2025,60,10.146,0.169,3.8,0.774,0.206,25.7,4.319,0.168,7.4,1.125,0.153,23.2,3.927,0.17,,,28,4.081,0.146,HFD,M,13
22,250530_26,,,Day1,1,MWM_150,12/15/2025,60,10.249,0.171,22,3.599,0.163,0,0,0,22.1,4.179,0.189,11.4,1.899,0.167,,,24.4,4.032,0.165,HFD,M,13
23,250530_27,,,Day1,1,MWM_150,12/15/2025,11.3,1.166,0.103,0,0,,0,0,,0,0,,11.3,1.166,0.103,1.065,6.3,1.5,0.181,0.12,HFD,F,11
24,250530_28,,,Day1,1,MWM_150,12/15/2025,10.4,1.215,0.117,0,0,,0,0,,0,0,,10.4,1.215,0.117,0.97,5.3,0,0,,HFD,F,11
25,250530_29,,,Day1,1,MWM_150,12/15/2025,6.1,1.16,0.191,0,0,,0,0,,0,0,,6.1,1.16,0.191,0,0,0,0,,HFD,F,11
26,250530_30,,,Day1,1,MWM_150,12/15/2025,5.6,0.35,0.063,0,0,,0,0,,0,0,,5.6,0.35,0.063,0,0,0,0,,HFD,F,11
27,250530_31,,,Day1,1,MWM_150,12/15/2025,60,16.009,0.267,0,0,,4.8,0.725,0.152,2.5,1.715,0.677,52.7,13.569,0.257,,,30.8,7.027,0.228,HFD,F,11
28,250530_1,,,Day1,2,MWM_150,12/15/2025,35.5,5.432,0.153,3.9,0.617,0.158,2.3,0.414,0.183,10.9,2.102,0.193,18.5,2.299,0.124,5.315,30.4,9.4,1.648,0.175,HFD,M,12
29,250530_2,,,Day1,2,MWM_150,12/15/2025,18.3,2.776,0.152,1.1,0.058,0.054,0.9,0.177,0.208,6.4,1.25,0.195,10,1.291,0.129,2.151,13.3,1.7,0.491,0.283,HFD,M,12
30,250530_3,,,Day1,2,MWM_150,12/15/2025,31.2,5.187,0.166,1,0.257,0.257,3.6,0.796,0.223,10.6,1.888,0.178,16,2.246,0.14,5.142,26.1,10.2,1.884,0.184,HFD,M,11
31,250530_4,,,Day1,2,MWM_150,12/15/2025,42.7,8.804,0.206,0,0,,6.7,1.343,0.199,21.7,4.608,0.213,14.3,2.852,0.199,8.765,37.7,17.8,3.69,0.208,HFD,M,11
32,250530_5,,,Day1,2,MWM_150,12/15/2025,60,10.111,0.169,6.8,1.3,0.192,17.5,2.919,0.166,18.5,3.238,0.175,17.2,2.655,0.154,,,30.6,4.218,0.138,HFD,M,11
33,250530_6,,,Day1,2,MWM_150,12/15/2025,40.9,7.022,0.172,5.9,0.939,0.159,5.3,0.802,0.151,4.5,1.059,0.237,22.2,3.533,0.159,6.988,35.9,23.3,3.914,0.168,HFD,M,11
34,250530_8,,,Day1,2,MWM_150,12/15/2025,12.6,1.401,0.111,5.1,0.897,0.176,0.7,0.108,0.162,0.1,0.039,0.386,6.7,0.357,0.053,1.3,7.5,0,0,,HFD,F,12
35,250530_9,,,Day1,2,MWM_150,12/15/2025,60,10.69,0.178,11.2,1.41,0.126,9.3,1.595,0.171,12.8,2.741,0.214,25.1,4.783,0.191,,,41,6.499,0.158,HFD,F,12
36,250530_11,,,Day1,2,MWM_150,12/15/2025,18.5,2.033,0.11,3.5,0.353,0.099,0.7,0.131,0
.187,5.2,0.916,0.176,9.1,0.633,0.07,2,113.5,0,0,,HFD,M,12
37,250530_12,,,Day1,2,MWM_150,12/15/2025,60,10.453,0.174,34.3,5.094,0.149,11.9,2.605,0.219,3.4,0.811,0.238,8.4,1.761,0.209,,,33.2,5.657,0.17,HFD,M,12
38,250530_13,,,Day1,2,MWM_150,12/15/2025,36,4.63,0.129,9.8,1.127,0.115,3.1,0.652,0.21,7.4,1.164,0.157,13.7,1.453,0.106,4.63,30.9,16.1,2.241,0.139,HFD,M,11
39,250530_14,,,Day1,2,MWM_150,12/15/2025,60,7.699,0.128,14.1,1.203,0.086,10.9,1.266,0.116,18.4,2.273,0.123,12.8,2.601,0.203,,,39.3,4.358,0.111,HFD,M,11
40,250530_15,,,Day1,2,MWM_150,12/15/2025,36.5,7.017,0.192,13.8,2.96,0.214,4.9,1.069,0.22,10.1,2.442,0.241,7.4,0.507,0.068,6.98,31.5,5.7,1.583,0.278,HFD,F,12
41,250530_16,,,Day1,2,MWM_150,12/15/2025,60,17.278,0.288,27.6,7.57,0.274,18.5,2.949,0.16,6.2,1.139,0.185,4.2,4.927,1.167,,,32,8.203,0.256,HFD,F,12
42,250530_18,,,Day1,2,MWM_150,12/15/2025,30.4,4.134,0.136,6.2,1.185,0.192,9.1,1.711,0.187,0.5,0.142,0.305,14.6,1.097,0.075,4.098,25.3,8.7,1.276,0.147,HFD,F,12
43,250530_19,,,Day1,2,MWM_150,12/15/2025,60,10.451,0.174,9.7,1.574,0.162,6,1.125,0.188,30.1,5.393,0.179,5.4,1.125,0.207,,,35.5,6.3,0.178,HFD,F,11
44,250530_20,,,Day1,2,MWM_150,12/15/2025,45.4,6.336,0.14,18.2,2.865,0.158,9.7,1.597,0.165,9.3,1.399,0.15,6.5,0.276,0.042,6.231,40.4,17,2.31,0.136,HFD,F,11
45,250530_21,,,Day1,2,MWM_150,12/15/2025,14,1.838,0.131,5.1,0.782,0.154,0,0,,2.1,0.356,0.167,6.8,0.699,0.102,1.348,9,0,0,,HFD,F,11
46,250530_22,,,Day1,2,MWM_150,12/15/2025,60,12.209,0.203,13.5,3.017,0.223,14.5,2.966,0.204,7.4,1.501,0.204,23.1,4.378,0.189,,,21.3,4.007,0.188,HFD,F,8
47,250530_23,,,Day1,2,MWM_150,12/15/2025,60,11.596,0.193,26.1,4.646,0.178,10.1,2.183,0.217,10.7,2.088,0.196,10.1,2.193,0.216,,,40.4,8.135,0.201,HFD,M,15
48,250530_25,,,Day1,2,MWM_150,12/15/2025,60,9.196,0.153,20.4,2.895,0.142,14,2.267,0.162,10.8,2.013,0.186,8.7,1.092,0.125,,,34,4.578,0.135,HFD,M,13
49,250530_26,,,Day1,2,MWM_150,12/15/2025,60,12.188,0.203,32.1,6.478,0.202,16.7,2.517,0.151,7.7,1.296,0.168,1.3,1.529,1.16,,,38.2,7.123,0.187,HFD,M,13
50,250530_27,,,Day1,2,MWM_150,12/15/2025,60,9.373,0.156,19.6,3.113,0.159,7.1,1.085,0.153,29.8,4.451,0.15,2.6,0.604,0.229,,,17.4,1.852,0.106,HFD,F,11
51,250530_28,,,Day1,2,MWM_150,12/15/2025,60,10.727,0.179,24.6,4.202,0.171,14.8,2.593,0.175,7.7,1.435,0.187,8.3,1.748,0.21,,,32.9,5.313,0.162,HFD,F,11
52,250530_29,,,Day1,2,MWM_150,12/15/2025,60,7.583,0.126,39.8,5.033,0.127,17.4,2.111,0.121,0.9,0.049,0.055,1.9,0.39,0.202,,,37.1,3.589,0.097,HFD,F,11
53,250530_30,,,Day1,2,MWM_150,12/15/2025,60,11.261,0.188,39.6,7.452,0.188,16.8,2.12,0.126,0,0,,0.2,1.303,5.569,,,42.2,7.371,0.175,HFD,F,11
54,250530_31,,,Day1,2,MWM_150,12/15/2025,60,11.982,0.2,31.3,5.285,0.169,9,2.028,0.225,6.3,1.502,0.237,11.8,2.931,0.249,,,43.5,8.194,0.189,HFD,F,11
55,250530_1,,,Day1,3,MWM_150,12/15/2025,20.1,2.455,0.122,0,0,,7.9,1.314,0.166,0,0,,12.2,1.141,0.093,2.345,15,2.8,0.384,0.139,HFD,M,12
56,250530_2,,,Day1,3,MWM_150,12/15/2025,32.5,4.171,0.129,11.1,1.821,0.164,13.3,1.717,0.129,1.7,0.33,0.194,6.3,0.302,0.048,4.096,27.4,13.8,1.553,0.113,HFD,M,12
57,250530_3,,,Day1,3,MWM_150,12/15/2025,60,11.209,0.187,3.3,0.722,0.219,33.8,5.288,0.157,9,2.037,0.227,14,3.163,0.226,,,26.7,4.406,0.165,HFD,M,11
58,250530_4,,,Day1,3,MWM_150,12/15/2025,49.3,8.619,0.175,11.5,1.97,0.172,6.1,1.12,0.184,16.5,3.082,0.187,14.7,2.351,0.16,8.578,44.2,17.1,3.185,0.186,HFD,M,11
59,250530_5,,,Day1,3,MWM_150,12/15/2025,27.3,3.441,0.126,0,0,,8.4,1.392,0.165,0,0,,18.9,2.049,0.109,3.404,22.3,2,0.34,0.17,HFD,M,11
60,250530_6,,,Day1,3,MWM_150,12/15/2025,10.6,1.4,0.132,1,0.23,0.222,2.5,0.586,0.238,0.3,0.055,0.164,6.8,0.53,0.078,1.309,5.6,0,0,,HFD,M,11
61,250530_8,,,Day1,3,MWM_150,12/15/2025,60,15.959,0.266,12.9,5.406,0.419,20.2,3.129,0.155,15.7,2.661,0.169,4,3.555,0.896,,,28.4,6.559,0.231,HFD,F,12
62,250530_9,,,Day1,3,MWM_150,12/15/2025,5.4,4.047,0.754,0,0,,0.6,1.465,2.5,0,0,,4.8,2.583,0.54,0,0,0.2,0.249,1.343,HFD,F,12
63,250530_11,,,Day1,3,MWM_150,12/15/2025,60,10.103,0.168,10.8,2.343,0.216,17.9,2.62,0.146,13.1,1.762,0.135,17.4,3.232,0.185,,,37.7,5.168,0.137,HFD,M,12
64,250530_12,,,Day1,3,MWM_150,12/15/2025,60,9.25,0.154,3.5,0.587,0.166,17.4,1.83,0.105,10.5,2.47,0.236,28.6,4.363,0.152,,,19.2,3.013,0.157,HFD,M,12
65,250530_13,,,Day1,3,MWM_150,12/15/2025,60,10.775,0.18,11.8,1.984,0.168,16.6,2.544,0.153,16.1,3.26,0.203,14,2.823,0.202,,,31.8,5.656,0.178,HFD,M,11
66,250530_14,,,Day1,3,MWM_150,12/15/2025,60,8.261,0.138,6.5,0.945,0.145,17.5,1.049,0.06,22.4,2.749,0.123,11,3.15,0.287,,,37.6,4.18,0.111,HFD,M,11
67,250530_15,,,Day1,3,MWM_150,12/15/2025,22.8,3.38,0.149,6.1,1.207,0.199,9.6,1.748,0.182,0.9,0.184,0.212,6.2,0.241,0.039,3.348,17.7,7.8,1.466,0.188,HFD,F,12
68,250530_16,,,Day1,3,MWM_150,12/15/2025,60,6.389,0.106,27.7,2.977,0.107,32.3,3.413,0.106,0,0,,0,0,,,,35.6,3.368,0.095,HFD,F,12
69,250530_18,,,Day1,3,MWM_150,12/15/2025,50.5,8.906,0.176,11.6,2.472,0.214,18.7,3.342,0.179,1.5,0.215,0.147,18.8,2.876,0.153,8.871,45.4,16.9,3.509,0.208,HFD,F,12
70,250530_19,,,Day1,3,MWM_150,12/15/2025,60,9.662,0.161,11.4,2.112,0.186,19.6,3.055,0.156,13.5,1.841,0.136,15,2.654,0.177,,,40.6,6.653,0.164,HFD,F,11
71,250530_20,,,Day1,3,MWM_150,12/15/2025,40.9,5.638,0.138,2,0.264,0.132,13.6,1.929,0.142,6.8,1.168,0.171,18.4,2.278,0.124,5.53,35.8,21.8,3.526,0.162,HFD,F,11
72,250530_21,,,Day1,3,MWM_150,12/15/2025,27.7,3.392,0.122,6.5,0.801,0.124,11.9,2.052,0.173,0,0,,9.4,0.54,0.057,3.392,22.7,11.7,1.913,0.164,HFD,F,11
73,250530_22,,,Day1,3,MWM_150,12/15/2025,60,11.111,0.185,18.9,3.305,0.175,28.7,5.539,0.193,2.5,0.557,0.224,9.2,1.543,0.167,,,30.2,5.286,0.175,HFD,F,8
74,250530_23,,,Day1,3,MWM_150,12/15/2025,60,11.519,0.192,11.8,2.54,0.215,25.1,4.189,0.167,8.8,1.75,0.198,11.3,2.493,0.22,,,38.7,7.36,0.19,HFD,M,15
75,250530_25,,,Day1,3,MWM_150,12/15/2025,60,10.143,0.169,6,0.992,0.165,18.5,3.097,0.167,14.6,2.746,0.189,20.9,3.307,0.158,,,46.8,7.601,0.162,HFD,M,13
76,250530_26,,,Day1,3,MWM_150,12/15/2025,60,8.546,0.142,5.2,0.775,0.15,47,6.496,0.138,3,0.862,0.29,4.9,0.412,0.085,,,36.9,5.152,0.14,HFD,M,13
77,250530_27,,,Day1,3,MWM_150,12/15/2025,60,10.211,0.17,10.7,1.925,0.18,14,2.176,0.155,16.3,2.802,0.172,18.5,3.234,0.175,,,46.9,7.567,0.161,HFD,F,11
78,250530_28,,,Day1,3,MWM_150,12/15/2025,7.4,1.007,0.136,0,0,,0,0,,0,0,,7.4,1.007,0.136,0.924,2.3,0,0,,HFD,F,11
79,250530_29,,,Day1,3,MWM_150,12/15/2025,60,5.807,0.097,30.3,2.735,0.09,17.7,2.163,0.122,0,0,,11,0.784,0.071,,,48.8,3.574,0.073,HFD,F,11
80,250530_30,,,Day1,3,MWM_150,12/15/2025,60,9.629,0.16,26.1,4.472,0.171,23.2,3.142,0.135,5.6,1.138,0.202,1.8,0.306,0.171,,,34.7,4.679,0.135,HFD,F,11
81,250530_31,,,Day1,3,MWM_150,12/15/2025,60,1.18,0.02,0,0,,53.4,0.346,0.006,6.6,0.833,0.126,0,0,,,,52.4,0,0,HFD,F,11
82,250530_1,,,Day1,4,MWM_150,12/15/2025,60,13.31,0.222,8.9,1.782,0.2,11.9,2.068,0.174,24.9,4.902,0.197,13.8,4.508,0.327,,,26.7,6.017,0.225,HFD,M,12
83,250530_2,,,Day1,4,MWM_150,12/15/2025,6.2,1.257,0.203,0,0,,0,0,,6,0.626,0.104,0.2,0.631,3.779,,,6,0.626,0.104,HFD,M,12
84,250530_3,,,Day1,4,MWM_150,12/15/2025,46.2,10.646,0.23,2.9,0.498,0.174,0,0,,23.8,5.304,0.223,19.6,4.843,0.247,10.613,41.1,8.2,2.222,0.27,HFD,M,11
85,250530_4,,,Day1,4,MWM_150,12/15/2025,26,3.427,0.132,7,1.173,0.168,5,1.038,0.208,7.4,0.938,0.127,6.6,0.278,0.042,3.427,20.9,8.9,1.06,0.119,HFD,M,11
86,250530_5,,,Day1,4,MWM_150,12/15/2025,51.1,9.985,0.195,0,0,,2.5,0.448,0.177,9.7,2.178,0.225,38.9,7.358,0.189,9.948,46,14.9,2.522,0.169,HFD,M,11
87,250530_6,,,Day1,4,MWM_150,12/15/2025,60,12.661,0.211,19.5,4.728,0.242,17.9,3.047,0.171,8,1.217,0.151,13.5,3.385,0.25,,,44.3,8.027,0.181,HFD,M,11
88,250530_8,,,Day1,4,MWM_150,12/15/2025,60,9.271,0.155,0,0,,12,1.502,0.125,18.4,2.712,0.147,29.5,5.056,0.171,,,48.1,7.293,0.152,HFD,F,12
89,250530_9,,,Day1,4,MWM_150,12/15/2025,60,0,0,0,0,,0,0,,60,0,0,0,0,,,,60,0,0,HFD,F,12
90,250530_11,,,Day1,4,MWM_150,12/15/2025,60,13.344,0.222,14.9,3.745,0.252,10,1.715,0.172,19.4,3.591,0.185,12,3.571,0.297,,,37.7,7.725,0.205,HFD,M,12
91,250530_12,,,Day1,4,MWM_150,12/15/2025,11.4,1.127,0.099,0.9,0.155,0.166,0.4,0.037,0.092,2.7,0.491,0.183,7.3,0.444,0.06,1.025,6.3,0,0,,HFD,M,12
92,250530_13,,,Day1,4,MWM_150,12/15/2025,60,9.153,0.153,16.7,2.17,0.13,5.9,0.721,0.122,19,3.271,0.172,9.4,1.487,0.158,,,34.4,4.866,0.141,HFD,M,11
93,250530_14,,,Day1,4,MWM_150,12/15/2025,60,0,0,0,0,,0,0,,60,0,0,0,0,,,,49.2,0,0,HFD,M,11
94,250530_15,,,Day1,4,MWM_150,12/15/2025,6.7,0.146,0.022,0,0,,0,0,,0,0,,6.7,0.146,0.022,,1.7,0,0,,HFD,F,12
95,250530_16,,,Day1,4,MWM_150,12/15/2025,60,10.906,0.182,15.4,2.75,0.179,20.6,3.431,0.167,8.9,1.867,0.209,15.1,2.858,0.19,,,26.4,4.391,0.167,HFD,F,12
96,250530_18,,,Day1,4,MWM_150,12/15/2025,59.6,10.71,0.18,18.4,2.789,0.151,10.1,1.132,0.112,11.7,3.28,0.28,19.3,3.509,0.181,10.68,54.5,27.7,5.386,0.194,HFD,F,12
97,250530_19,,,Day1,4,MWM_150,12/15/2025,60,9.497,0.158,6.3,1.314,0.207,40.9,5.423,0.132,6.5,1.211,0.186,5.8,1.433,0.248,,,31.2,4.073,0.13,HFD,F,11
98,250530_20,,,Day1,4,MWM_150,12/15/2025,26.3,3.449,0.131,5.6,1.058,0.188,12.2,2.034,0.167,0,0,,8.5,0.357,0.042,3.449,21.3,13,1.732,0.133,HFD,F,11
99,250530_21,,,Day1,4,MWM_150,12/15/2025,37.4,4.943,0.132,10.4,1.755,0.168,8,1.28,0.159,8,1.39,0.174,7.6,0.315,0.041,4.914,32.4,15.6,2.366,0.152,HFD,F,11
100,250530_22,,,Day1,4,MWM_150,12/15/2025,8.3,0.553,0.067,0.9,0,0,1.5,0.272,0.181,0,0,,5.9,0.281,0.048,0.445,3.2,0,0,,HFD,F,8
101,250530_23,,,Day1,4,MWM_150,12/15/2025,60,10.173,0.17,24.7,3.606,0.146,8.2,1.449,0.176,13.3,2.493,0.188,11.8,2.518,0.214,,,36.7,5.037,0.137,HFD,M,15
102,250530_25,,,Day1,4,MWM_150,12/15/2025,60,9.431,0.157,13.1,2.267,0.173,5.6,0.743,0.132,19.6,3.716,0.189,20.1,2.482,0.124,,,38.1,6.218,0.163,HFD,M,13
103,250530_26,,,Day1,4,MWM_150,12/15/2025,60,10.09,0.168,9.4,1.838,0.196,10,1.251,0.125,11.5,2.034,0.177,29.2,4.967,0.17,,,16.9,2.378,0.141,HFD,M,13
104,250530_27,,,Day1,4,MWM_150,12/15/2025,60,9.119,0.152,3.1,0.482,0.156,7.9,1.156,0.146,34.5,3.822,0.111,13.4,3.62,0.271,,,40.4,5.166,0.128,HFD,F,11
105,250530_28,,,Day1,4,MWM_150,12/15/2025,60,11.153,0.186,12.3,2.111,0.172,13.4,2.521,0.188,18,3.31,0.184,14.8,3.075,0.207,,,38.1,6.75,0.177,HFD,F,11
106,250530_29,,,Day1,4,MWM_150,12/15/2025,60,10.045,0.167,19.5,3.462,0.178,10.8,1.566,0.145,12.9,2.461,0.19,14.9,2.262,0.151,,,37.1,5.398,0.146,HFD,F,11
107,250530_30,,,Day1,4,MWM_150,12/15/2025,52.3,7.266,0.139,0,0,,0,0,,23.2,3.658,0.158,29.1,3.608,0.124,7.231,47.2,27,3.641,0.135,HFD,F,11
108,250530_31,,,Day1,4,MWM_150,12/15/2025,60,10.196,0.17,19.2,3.682,0.191,13.9,2.195,0.158,20.9,2.841,0.136,3.9,0.994,0.255,,,47.5,7.206,0.152,HFD,F,11
109,250530_1,,,Day2,1,MWM_150,12/16/2025,60,12.131,0.202,28.1,5.276,0.188,8.8,1.846,0.209,12.5,2.8,0.223,5.6,1.345,0.242,,,30.4,6.756,0.222,HFD,M,12
110,250530_2,,,Day2,1,MWM_150,12/16/2025,60,10.766,0.179,11.8,2.034,0.172,15.4,2.135,0.138,10.7,2.556,0.24,17.1,3.054,0.179,,,33.8,5.579,0.165,HFD,M,12
111,250530_3,,,Day2,1,MWM_150,12/16/2025,28.8,4.79,0.167,1.8,0.332,0.188,13.7,2.93,0.213,0,0,,13.3,1.528,0.115,4.669,23.7,4.4,0.628,0.143,HFD,M,11
112,250530_4,,,Day2,1,MWM_150,12/16/2025,60,10.681,0.178,24.4,4.604,0.188,10.3,1.938,0.188,18,2.655,0.147,5.6,1.169,0.209,,,32.6,5.721,0.175,HFD,M,11
113,250530_5,,,Day2,1,MWM_150,12/16/2025,60,11.858,0.198,5.2,1.245,0.24,15.4,3.326,0.216,13.5,2.508,0.186,24.1,4.529,0.188,,,36.7,7.159,0.195,HFD,M,11
114,250530_6,,,Day2,1,MWM_150,12/16/2025,60,12.963,0.216,15.5,3.343,0.216,16.1,3.422,0.213,12.8,2.77,0.216,14.6,3.179,0.218,,,52.1,11.326,0.217,HFD,M,11
115,250530_8,,,Day2,1,MWM_150,12/16/2025,60,12.003,0.2,7.4,1.71,0.231,17.3,3.205,0.185,13.9,2.781,0.2,21.2,4.233,0.2,,,24.3,4.332,0.178,HFD,F,12
116,250530_9,,,Day2,1,MWM_150,12/16/2025,60,10.106,0.168,27.3,4.695,0.172,12.4,2.099,0.169,10.2,1.933,0.189,10.1,1.38,0.137,10.106,59.6,24.2,3.896,0.161,HFD,F,12
117,250530_11,,,Day2,1,MWM_150,12/16/2025,60,9.107,0.152,18.6,2.693,0.145,14.1,2.32,0.164,16.5,2.411,0.146,8.7,1.422,0.163,,,39.4,5.736,0.146,HFD,M,12
118,250530_12,,,Day2,1,MWM_150,12/16/2025,60,11.745,0.196,17.6,3.761,0.214,15.4,2.78,0.181,10.4,2.043,0.196,16.2,3.066,0.189,,,38,6.998,0.184,HFD,M,12
119,250530_13,,,Day2,1,MWM_150,12/16/2025,41.3,7.828,0.19,15.6,2.109,0.135,10.6,1.864,0.176,0,0,,14.4,2.625,0.183,7.795,36.2,19,2.656,0.14,HFD,M,11
120,250530_14,,,Day2,1,MWM_150,12/16/2025,45,3.919,0.087,0,0,,0,0,,30.9,2.831,0.092,14.1,1.089,0.077,3.852,39.9,14.6,1.37,0.094,HFD,M,11
121,250530_15,,,Day2,1,MWM_150,12/16/2025,26.6,3.607,0.136,8.6,1.739,0.201,6.4,1.217,0.191,0.5,0,0,11.1,0.652,0.059,3.57,21.5,12.2,1.879,0.154,HFD,F,12
122,250530_16,,,Day2,1,MWM_150,12/16/2025,60,10.6,0.177,22.2,3.567,0.16,7.4,1.63,0.221,11.2,2.307,0.207,16.7,2.691,0.161,,,27,4.266,0.158,HFD,F,12
123,250530_18,,,Day2,1,MWM_150,12/16/2025,39.6,5.179,0.131,6.7,1.009,0.151,7.8,1.021,0.13,11.5,1.505,0.131,13.6,1.643,0.121,5.146,34.5,13.8,1.288,0.093,HFD,F,12
124,250530_19,,,Day2,1,MWM_150,12/16/2025,60,10.213,0.17,20.7,3.234,0.156,4.8,1.098,0.229,27,4.261,0.158,3.5,0.862,0.244,,,31.3,4.933,0.157,HFD,F,11
125,250530_20,,,Day2,1,MWM_150,12/16/2025,60,9.918,0.165,10.1,2.009,0.199,12.3,2.259,0.184,19.3,2.937,0.152,15,2.29,0.153,,,51.4,8.478,0.165,HFD,F,11
126,250530_21,,,Day2,1,MWM_150,12/16/2025,60,11.766,0.196,16.3,3.202,0.196,13.8,2.687,0.194,12.2,2.331,0.192,13.5,2.757,0.204,,,34.9,7.134,0.204,HFD,F,11
127,250530_22,,,Day2,1,MWM_150,12/16/2025,60,12.632,0.211,19.4,3.995,0.206,21,4.33,0.207,9.3,1.974,0.212,8.5,1.967,0.231,,,27.8,5.692,0.205,HFD,F,8
128,250530_23,,,Day2,1,MWM_150,12/16/2025,20.7,2.274,0.11,9.8,1.347,0.137,4.5,0.712,0.157,0,0,,6.3,0.215,0.034,2.231,15.6,1.2,0.087,0.071,HFD,M,15
129,250530_25,,,Day2,1,MWM_150,12/16/2025,60,8.758,0.146,7.6,1.322,0.175,9,1.079,0.119,19.1,2.474,0.13,23.4,3.733,0.159,,,34,4.3,0.126,HFD,M,13
130,250530_26,,,Day2,1,MWM_150,12/16/2025,60,10.872,0.181,17.3,2.539,0.147,13.1,2.834,0.216,13,2.306,0.177,13.5,2.564,0.19,10.837,59.7,39.2,7.16,0.183,HFD,M,13
131,250530_27,,,Day2,1,MWM_150,12/16/2025,60,11.102,0.185,12.7,2.758,0.217,13.8,2.062,0.149,16.5,2.881,0.175,11.3,2.262,0.2,,,45.3,7.943,0.175,HFD,F,11
132,250530_28,,,Day2,1,MWM_150,12/16/2025,60,13.165,0.219,17.1,3.554,0.208,14.3,3.145,0.22,12.4,2.909,0.235,12.1,2.868,0.237,,,37.9,8.289,0.219,HFD,F,11
133,250530_29,,,Day2,1,MWM_150,12/16/2025,60,6.702,0.112,7.6,0.98,0.129,11.5,1.418,0.124,32.2,3.329,0.103,8.7,0.974,0.112,,,34.6,2.806,0.081,HFD,F,11
134,250530_30,,,Day2,1,MWM_150,12/16/2025,60,10.69,0.178,11.5,1.97,0.172,13.1,1.741,0.133,11.6,2.271,0.196,20.5,3.945,0.192,,,33.8,5.67,0.168,HFD,F,11
135,250530_31,,,Day2,1,MWM_150,12/16/2025,60,11.822,0.197,9.7,2.285,0.236,10.1,2.257,0.224,24.7,4.57,0.185,8.9,1.895,0.213,,,43,8.58,0.2,HFD,F,11
136,250530_1,,,Day2,2,MWM_150,12/16/2025,60,11.796,0.197,7.5,1.694,0.225,10.5,2.226,0.213,16.6,3.361,0.202,21.9,3.881,0.177,,,36.5,7.475,0.205,HFD,M,12
137,250530_2,,,Day2,2,MWM_150,12/16/2025,12.1,1.159,0.096,0,0,,0,0,,2.2,0.301,0.136,9.9,0.858,0.087,1.036,7,2.7,0.244,0.091,HFD,M,12
138,250530_3,,,Day2,2,MWM_150,12/16/2025,5.7,0.127,0.022,0,0,,0,0,,0,0,,5.7,0.127,0.022,0,0,0,0,,HFD,M,11
139,250530_4,,,Day2,2,MWM_150,12/16/2025,6,0.234,0.039,0,0,,0,0,,0,0,,6,0.234,0.039,0.075,0.9,0,0,,HFD,M,11
140,250530_5,,,Day2,2,MWM_150,12/16/2025,7.8,0.473,0.06,0,0,,0,0,,0,0,,7.8,0.473,0.06,0.356,2.7,1.3,0.091,0.068,HFD,M,11
141,250530_6,,,Day2,2,MWM_150,12/16/2025,50.3,9.385,0.187,6.5,1.592,0.244,7.5,1.368,0.183,9.4,2.226,0.237,26.9,4.199,0.156,9.345,45.2,17.1,3.356,0.197,HFD,M,11
142,250530_8,,,Day2,2,MWM_150,12/16/2025,14.4,1.062,0.074,0,0,,0,0,,0.1,0,0,14.3,1.062,0.074,0.995,9.4,0,0,0,HFD,F,12
143,250530_9,,,Day2,2,MWM_150,12/16/2025,15.9,1.905,0.12,0,0,,0,0,,6.9,1.244,0.18,9,0.661,0.074,1.793,10.8,1.4,0.208,0.149,HFD,F,12
144,250530_11,,,Day2,2,MWM_150,12/16/2025,6.8,0.246,0.036,0,0,,0,0,,0,0,,6.8,0.246,0.036,0.107,1.7,0,0,,HFD,M,12
145,250530_12,,,Day2,2,MWM_150,12/16/2025,60,9.237,0.154,5.6,0.997,0.179,16.4,2.847,0.174,15.9,2.354,0.148,22.1,3.04,0.138,,,31.9,4.472,0.14,HFD,M,12
146,250530_13,,,Day2,2,MWM_150,12/16/2025,20.7,1.864,0.09,0,0,,0,0,,9.3,1.079,0.116,11.4,0.784,0.069,1.829,15.6,2.3,0.158,0.07,HFD,M,11
147,250530_14,,,Day2,2,MWM_150,12/16/2025,20.7,1.005,0.049,0,0,,0,0,,0,0,,20.7,1.005,0.049,0.935,15.6,8.7,0.452,0.052,HFD,M,11
148,250530_15,,,Day2,2,MWM_150,12/16/2025,60,12.646,0.211,21.6,4.488,0.207,13.6,2.777,0.204,14,3.086,0.22,10.7,2.295,0.215,,,14.8,3.121,0.211,HFD,F,12
149,250530_16,,,Day2,2,MWM_150,12/16/2025,11.1,0.831,0.075,0,0,,2.7,0.433,0.16,0,0,,8.4,0.398,0.048,0.763,6,0,0,,HFD,F,12
150,250530_18,,,Day2,2,MWM_150,12/16/2025,60,10.257,0.171,8.9,1.115,0.125,19.4,3.589,0.185,10.3,2.344,0.228,21.2,3.208,0.151,10.22,56.8,11,1.464,0.134,HFD,F,12
151,250530_19,,,Day2,2,MWM_150,12/16/2025,60,10.655,0.178,15,2.509,0.167,20,3.068,0.153,15.5,2.831,0.183,9,2.106,0.235,,,42.4,7.569,0.179,HFD,F,11
152,250530_20,,,Day2,2,MWM_150,12/16/2025,60,10.338,0.172,8.8,2.018,0.228,10.5,1.809,0.172,17.1,2.591,0.152,22.2,3.88,0.175,,,44.9,7.56,0.169,HFD,F,11
153,250530_21,,,Day2,2,MWM_150,12/16/2025,60,13.519,0.225,9.9,3.319,0.334,15.5,2.818,0.182,15.2,3.03,0.2,18.5,4.116,0.223,,,33.6,7.166,0.213,HFD,F,11
154,250530_22,,,Day2,2,MWM_150,12/16/2025,6.5,0.178,0.027,0,0,,0,0,,0,0,,6.5,0.178,0.027,0.068,1.5,0,0,,HFD,F,8
155,250530_23,,,Day2,2,MWM_150,12/16/2025,60,11.919,0.199,15.4,3.125,0.203,10.8,2.128,0.196,17.1,3.554,0.207,13.1,2.623,0.201,,,37.7,7.186,0.19,HFD,M,15
156,250530_25,,,Day2,2,MWM_150,12/16/2025,8.9,0.323,0.036,0,0,,0,0,,0,0,,8.9,0.323,0.036,0.248,3.9,0,0,,HFD,M,13
157,250530_26,,,Day2,2,MWM_150,12/16/2025,14.4,0,0,0,0,,0,0,,14.4,0,0,0,0,,,,14.4,0,0,HFD,M,13
158,250530_27,,,Day2,2,MWM_150,12/16/2025,6.3,0.071,0.011,0,0,,0,0,,0,0,,6.3,0.071,0.011,,1.2,0,0,,HFD,F,11
159,250530_28,,,Day2,2,MWM_150,12/16/2025,8.6,0.68,0.079,0,0,,0,0,,0,0,,8.6,0.68,0.079,0.505,3.5,1.4,0.225,0.161,HFD,F,11
160,250530_29,,,Day2,2,MWM_150,12/16/2025,5.4,0,0,0,0,,0,0,,0,0,,5.4,0,0,0,0,0,0,,HFD,F,11
161,250530_30,,,Day2,2,MWM_150,12/16/2025,60,11.376,0.19,2.9,0.642,0.221,25.2,3.648,0.145,9.7,2.039,0.209,19.3,4.438,0.229,,,38.9,6.497,0.167,HFD,F,11
162,250530_31,,,Day2,2,MWM_150,12/16/2025,7.3,0.464,0.064,0,0,,0,0,,0,0,,7.3,0.464,0.064,0.329,2.3,0,0,,HFD,F,11
163,250530_1,,,Day2,3,MWM_150,12/16/2025,60,9.46,0.158,17.5,2.938,0.168,0,0,,42.4,6.522,0.154,0,0,,,,22.4,2.632,0.117,HFD,M,12
164,250530_2,,,Day2,3,MWM_150,12/16/2025,58.6,10.817,0.185,13.6,2.726,0.2,9.1,1.789,0.197,14,2.968,0.212,20.8,3.139,0.151,10.774,53.6,22.3,3.962,0.178,HFD,M,12
165,250530_3,,,Day2,3,MWM_150,12/16/2025,11.9,1.558,0.13,1,0.076,0.077,0,0,,2.4,0.629,0.262,8.6,0.853,0.1,1.521,6.9,1.2,0.316,0.256,HFD,M,11
166,250530_4,,,Day2,3,MWM_150,12/16/2025,27.6,5.009,0.181,3.4,0.744,0.219,6.6,1.229,0.186,5.2,1.252,0.241,12.4,1.784,0.143,4.968,22.6,8.1,1.638,0.202,HFD,M,11
167,250530_5,,,Day2,3,MWM_150,12/16/2025,60,10.947,0.182,17.7,3.487,0.197,13.9,2.313,0.166,13.9,2.725,0.196,14.4,2.422,0.168,,,33.1,4.795,0.145,HFD,M,11
168,250530_6,,,Day2,3,MWM_150,12/16/2025,9,1.007,0.112,0.8,0,0,0,0,,1.7,0.526,0.309,6.5,0.481,0.074,0.848,4,0,0,,HFD,M,11
169,250530_8,,,Day2,3,MWM_150,12/16/2025,22.9,3.649,0.159,1.9,0.403,0.216,0,0,,10.1,2.12,0.211,10.7,1.04,0.097,3.581,17.9,10.1,1.969,0.195,HFD,F,12
170,250530_9,,,Day2,3,MWM_150,12/16/2025,29.2,4.594,0.158,5.1,1.035,0.204,9.5,1.824,0.191,0,0,,14.6,1.735,0.119,4.491,24.1,3,0.41,0.135,HFD,F,12
171,250530_11,,,Day2,3,MWM_150,12/16/2025,60,11.582,0.193,17.2,3.208,0.186,14.4,2.596,0.18,16.2,2.51,0.155,12.1,3.226,0.267,,,25.7,5.344,0.208,HFD,M,12
172,250530_12,,,Day2,3,MWM_150,12/16/2025,60,10.112,0.169,16.6,2.328,0.14,4.8,1.046,0.218,19,3.591,0.189,18.9,3.058,0.161,,,38.5,5.977,0.155,HFD,M,12
173,250530_13,,,Day2,3,MWM_150,12/16/2025,60,8.735,0.146,5.4,1.059,0.197,0,0,,42.6,6.023,0.141,10.3,1.304,0.127,,,24.5,2.75,0.112,HFD,M,11
174,250530_14,,,Day2,3,MWM_150,12/16/2025,24.9,0,0,0,0,,0,0,,0,0,,24.9,0,0,,,24.9,0,0,HFD,M,11
175,250530_15,,,Day2,3,MWM_150,12/16/2025,22.7,2.766,0.122,0,0,,1.9,0.376,0.195,4.2,0.665,0.158,16.5,1.724,0.104,2.691,17.6,1.8,0.177,0.099,HFD,F,12
176,250530_16,,,Day2,3,MWM_150,12/16/2025,7.1,0.373,0.052,0,0,,0,0,,0,0,,7.1,0.373,0.052,0.307,2.1,0,0,,HFD,F,12
177,250530_18,,,Day2,3,MWM_150,12/16/2025,60,11.411,0.19,9.5,1.593,0.167,14.6,2.917,0.199,16.8,3.334,0.198,18.6,3.53,0.19,,,19.3,3.486,0.181,HFD,F,12
178,250530_19,,,Day2,3,MWM_150,12/16/2025,8.1,0.37,0.046,0,0,,0,0,,0.9,0.039,0.044,7.2,0.332,0.046,0.338,3,0,0,,HFD,F,11
179,250530_20,,,Day2,3,MWM_150,12/16/2025,23.6,3.215,0.136,6.6,1.084,0.165,0,0,,10,1.621,0.162,7.1,0.51,0.072,3.143,18.6,4.9,0.633,0.128,HFD,F,11
180,250530_21,,,Day2,3,MWM_150,12/16/2025,41,6.438,0.157,19.5,3.461,0.177,2.8,0.491,0.175,10.8,1.964,0.182,7.6,0.482,0.064,6.403,35.9,5.3,0.791,0.148,HFD,F,11
181,250530_22,,,Day2,3,MWM_150,12/16/2025,15,1.658,0.111,0,0,,7.1,1.082,0.152,0,0,,7.8,0.577,0.074,1.625,9.9,2.5,0.254,0.1,HFD,F,8
182,250530_23,,,Day2,3,MWM_150,12/16/2025,12.7,1.117,0.088,0,0,,0,0,,0,0,,12.7,1.117,0.088,1.002,7.6,2.3,0.26,0.114,HFD,M,15
183,250530_25,,,Day2,3,MWM_150,12/16/2025,60,7.653,0.128,10.6,1.238,0.116,9.8,1.264,0.129,12.3,1.824,0.149,27.3,3.327,0.122,,,23.9,2.493,0.104,HFD,M,13
184,250530_26,,,Day2,3,MWM_150,12/16/2025,16.1,2.253,0.14,0.6,0.151,0.266,5.5,1.165,0.211,4,0.704,0.177,6,0.233,0.039,2.213,11,0.3,0.046,0.137,HFD,M,13
185,250530_27,,,Day2,3,MWM_150,12/16/2025,60,11.239,0.187,10.1,2.184,0.215,19.3,3.078,0.16,17,3.166,0.186,10.2,2.271,0.223,,,43.5,8.12,0.187,HFD,F,11
186,250530_28,,,Day2,3,MWM_150,12/16/2025,60,11.593,0.193,14.5,3.276,0.225,14,2.143,0.153,7.5,1.61,0.215,20.8,3.943,0.19,,,30.7,5.336,0.174,HFD,F,11
187,250530_29,,,Day2,3,MWM_150,12/16/2025,60,9.328,0.155,26.6,3.515,0.132,8.9,1.932,0.216,5,1.012,0.202,17.6,2.571,0.146,,,37,5.202,0.141,HFD,F,11
188,250530_30,,,Day2,3,MWM_150,12/16/2025,60,0,0,0,0,,0,0,,17.1,0,0,42.9,0,0,,,60,0,0,HFD,F,11
189,250530_31,,,Day2,3,MWM_150,12/16/2025,6.9,0.399,0.058,0,0,,0,0,,0,0,,6.9,0.399,0.058,0.263,1.8,0,0,,HFD,F,11
190,250530_1,,,Day2,4,MWM_150,12/16/2025,60,10.076,0.168,13.4,1.981,0.148,18.5,3.031,0.164,10.3,1.783,0.174,17.6,3.23,0.184,,,28.1,3.847,0.137,HFD,M,12
191,250530_2,,,Day2,4,MWM_150,12/16/2025,13.3,1.683,0.126,0,0,,1.3,0.183,0.146,4.2,0.979,0.231,7.8,0.521,0.067,1.606,8.3,0,0,,HFD,M,12
192,250530_3,,,Day2,4,MWM_150,12/16/2025,10.3,1.146,0.111,0,0,,3.1,0.564,0.183,0.6,0.168,0.296,6.7,0.414,0.062,1.109,5.3,0,0,,HFD,M,11
193,250530_4,,,Day2,4,MWM_150,12/16/2025,5.4,0.077,0.014,0,0,,0,0,,0,0,,5.4,0.077,0.014,0,0,0,0,,HFD,M,11
194,250530_5,,,Day2,4,MWM_150,12/16/2025,27.5,3.841,0.14,0,0,,3.3,0.649,0.199,1.2,0.194,0.166,23.1,2.998,0.13,3.799,22.5,6.2,0.74,0.119,HFD,M,11
195,250530_6,,,Day2,4,MWM_150,12/16/2025,47.9,11.066,0.231,9.4,2.036,0.217,11.4,2.747,0.24,10.5,2.553,0.244,16.6,3.731,0.225,11.025,42.8,14.8,3.201,0.216,HFD,M,11
196,250530_8,,,Day2,4,MWM_150,12/16/2025,36.6,6.449,0.176,0,0,,16.5,3.334,0.202,0,0,,20.1,3.114,0.155,6.412,31.5,10,1.521,0.153,HFD,F,12
197,250530_9,,,Day2,4,MWM_150,12/16/2025,7.2,0,0,0,0,,0,0,,0,0,,7.2,0,0,,,7.2,0,0,HFD,F,12
198,250530_11,,,Day2,4,MWM_150,12/16/2025,60,9.82,0.164,14.2,2.321,0.163,11.2,1.851,0.165,15.5,2.509,0.162,19.1,3.139,0.164,,,22.4,3.003,0.134,HFD,M,12
199,250530_12,,,Day2,4,MWM_150,12/16/2025,60,11.337,0.189,11.8,2.129,0.181,14.3,2.639,0.185,12.3,2.568,0.208,21.6,4.001,0.185,,,28.3,5.05,0.178,HFD,M,12
200,250530_13,,,Day2,4,MWM_150,12/16/2025,60,9.065,0.151,0.2,0,0,12.5,1.6,0.128,26.3,4.209,0.16,21,3.256,0.155,,,19.4,2.709,0.14,HFD,M,11
201,250530_14,,,Day2,4,MWM_150,12/16/2025,45.4,3.811,0.084,0,0,,5.1,0.542,0.107,13.2,0.909,0.069,27.2,2.36,0.087,3.776,40.4,9.6,1.083,0.112,HFD,M,11
202,250530_15,,,Day2,4,MWM_150,12/16/2025,20.8,2.492,0.12,0,0,,12.4,1.883,0.152,0,0,,8.4,0.609,0.073,2.458,15.7,0.5,0.083,0.166,HFD,F,12
203,250530_16,,,Day2,4,MWM_150,12/16/2025,60,9.828,0.164,14.4,2.546,0.176,24.6,3.613,0.147,9.2,1.637,0.177,11.1,2.031,0.182,,,14.8,1.469,0.099,HFD,F,12
204,250530_18,,,Day2,4,MWM_150,12/16/2025,8.4,0,0,0,0,,0,0,,0,0,,8.4,0,0,,,8.4,0,0,HFD,F,12
205,250530_19,,,Day2,4,MWM_150,12/16/2025,60,10.553,0.176,7.2,1.539,0.213,26.2,4.503,0.172,10.5,1.43,0.136,16.1,3.08,0.191,,,29.3,5.025,0.172,HFD,F,11
206,250530_20,,,Day2,4,MWM_150,12/16/2025,60,12.181,0.203,11.6,2.469,0.213,17,3.146,0.185,13.9,3.012,0.217,16.4,3.442,0.209,,,30.2,5.9,0.195,HFD,F,11
207,250530_21,,,Day2,4,MWM_150,12/16/2025,55.9,8.713,0.156,1.9,0.293,0.157,27.4,4.446,0.162,7.4,1.372,0.185,19.2,2.601,0.135,8.675,50.8,13.2,2.167,0.164,HFD,F,11
208,250530_22,,,Day2,4,MWM_150,12/16/2025,9.9,0,0,0,0,,0,0,,0,0,,9.9,0,0,,,9.9,0,0,HFD,F,8
209,250530_23,,,Day2,4,MWM_150,12/16/2025,5.4,0.04,0.007,0,0,,0,0,,0,0,,5.4,0.04,0.007,0,0,0,0,,HFD,M,15
210,250530_25,,,Day2,4,MWM_150,12/16/2025,22.2,1.818,0.082,0,0,,10,0.958,0.096,0,0,,12.3,0.86,0.07,1.739,17.2,3.1,0.097,0.031,HFD,M,13
211,250530_26,,,Day2,4,MWM_150,12/16/2025,11.6,1.02,0.088,0,0,,5,0.599,0.12,0,0,,6.6,0.421,0.064,0.906,6.5,1.8,0.079,0.044,HFD,M,13
212,250530_27,,,Day2,4,MWM_150,12/16/2025,60,11.55,0.193,10.1,2.497,0.246,12.9,2.096,0.163,11.6,2.853,0.245,24.1,3.992,0.166,,,35.4,6.122,0.173,HFD,F,11
213,250530_28,,,Day2,4,MWM_150,12/16/2025,60,13.111,0.219,14.5,3.437,0.238,13.6,3.109,0.229,17.2,3.432,0.199,14.3,3.062,0.214,,,34.8,7.268,0.209,HFD,F,11
214,250530_29,,,Day2,4,MWM_150,12/16/2025,60,0,0,0,0,,0,0,,46.9,0,0,13.1,0,0,,,60,0,0,HFD,F,11
215,250530_30,,,Day2,4,MWM_150,12/16/2025,15.6,1.331,0.085,0,0,,8.7,0.992,0.115,0,0,,7,0.339,0.049,1.265,10.6,0,0,,HFD,F,11
216,250530_31,,,Day2,4,MWM_150,12/16/2025,60,15.645,0.261,14.1,4.631,0.328,9.4,1.904,0.203,23.4,4.864,0.208,9.8,3.448,0.352,,,33.4,8.293,0.248,HFD,F,11
217,250530_1,,,Day3,1,MWM_150,12/17/2025,60,9.94,0.166,13.7,2.22,0.162,9.1,1.444,0.159,16.2,2.951,0.182,21,3.325,0.159,,,13.4,1.777,0.132,HFD,M,12
218,250530_2,,,Day3,1,MWM_150,12/17/2025,60,12.546,0.209,11,2.44,0.222,21.7,4.379,0.202,12.2,2.501,0.205,15.1,3.226,0.213,,,9.2,1.535,0.167,HFD,M,12
219,250530_3,,,Day3,1,MWM_150,12/17/2025,16.3,2.482,0.152,2,0.487,0.239,5.2,1.066,0.206,1.6,0.426,0.266,7.5,0.503,0.067,2.443,11.3,1.3,0.226,0.178,HFD,M,11
220,250530_4,,,Day3,1,MWM_150,12/17/2025,30,5.145,0.172,5.7,1.273,0.222,8.7,1.655,0.189,5.4,1.083,0.202,10.1,1.134,0.112,5.057,24.9,5.6,0.891,0.159,HFD,M,11
221,250530_5,,,Day3,1,MWM_150,12/17/2025,15.9,1.943,0.122,6.3,1.172,0.187,2.3,0.546,0.237,0,0,,7.3,0.226,0.031,1.902,10.9,2.2,0.368,0.165,HFD,M,11
222,250530_6,,,Day3,1,MWM_150,12/17/2025,60,12.708,0.212,12,2.702,0.226,15.1,2.931,0.195,15.5,3.431,0.221,17.1,3.645,0.213,,,11.3,1.658,0.147,HFD,M,11
223,250530_8,,,Day3,1,MWM_150,12/17/2025,60,12.01,0.2,13.5,2.941,0.217,15.3,2.591,0.169,16.6,3.481,0.209,14.5,2.997,0.207,,,13.1,1.865,0.142,HFD,F,12
224,250530_9,,,Day3,1,MWM_150,12/17/2025,60,10.478,0.175,12.5,2.188,0.175,13.7,2.463,0.18,14.1,2.57,0.182,19.7,3.257,0.165,,,12.7,1.764,0.139,HFD,F,12
225,250530_11,,,Day3,1,MWM_150,12/17/2025,60,9.859,0.164,13.6,2.392,0.176,16.4,2.531,0.154,8.4,1.595,0.19,20.9,3.254,0.156,,,35.4,5.453,0.154,HFD,M,12
226,250530_12,,,Day3,1,MWM_150,12/17/2025,60,11.43,0.19,17.8,3.453,0.194,20.5,3.64,0.178,7.8,1.806,0.233,13.9,2.53,0.182,,,33,6.377,0.193,HFD,M,12
227,250530_13,,,Day3,1,MWM_150,12/17/2025,21.9,1.449,0.066,0,0,,14.5,1.197,0.083,0,0,,7.5,0.252,0.034,1.449,16.9,0,0,,HFD,M,11
228,250530_14,,,Day3,1,MWM_150,12/17/2025,60,6.237,0.104,14.5,1.262,0.087,18.3,1.261,0.069,11.4,1.519,0.133,15.8,2.195,0.139,,,11.4,1.422,0.124,HFD,M,11
229,250530_15,,,Day3,1,MWM_150,12/17/2025,12.3,1.294,0.105,0,0,,5.5,0.916,0.166,0,0,,6.8,0.378,0.055,1.218,7.3,0,0,,HFD,F,12
230,250530_16,,,Day3,1,MWM_150,12/17/2025,60,10.544,0.176,6.3,1.337,0.211,23.1,3.791,0.164,10.7,2.187,0.203,19.9,3.23,0.163,,,4.6,0.757,0.165,HFD,F,12
231,250530_18,,,Day3,1,MWM_150,12/17/2025,38.5,5.066,0.132,0,0,,3.5,0.496,0.14,6.9,1.326,0.191,28,3.245,0.116,5.02,33.4,1.6,0.288,0.184,HFD,F,12
232,250530_19,,,Day3,1,MWM_150,12/17/2025,60,8.71,0.145,19.2,1.565,0.082,17.5,2.202,0.126,5.2,1.295,0.251,17.5,3.542,0.203,,,21.5,3.783,0.176,HFD,F,11
233,250530_20,,,Day3,1,MWM_150,12/17/2025,38.9,5.326,0.137,9.5,2.109,0.223,10,1.83,0.183,0.3,0.061,0.228,19.2,1.327,0.069,5.293,33.8,13.9,1.763,0.127,HFD,F,11
234,250530_21,,,Day3,1,MWM_150,12/17/2025,21.5,2.286,0.106,0,0,,14.8,2,0.135,0,0,,6.7,0.286,0.043,2.249,16.5,6.4,0.682,0.107,HFD,F,11
235,250530_22,,,Day3,1,MWM_150,12/17/2025,60,12.713,0.212,19.4,4.113,0.212,25.6,5.304,0.207,7.1,1.649,0.232,7.6,1.646,0.218,,,11,2.23,0.203,HFD,F,8
236,250530_23,,,Day3,1,MWM_150,12/17/2025,5.7,0.046,0.008,0,0,,0,0,,0,0,,5.7,0.046,0.008,,0.6,0,0,,HFD,M,15
237,250530_25,,,Day3,1,MWM_150,12/17/2025,12.1,0.823,0.068,0,0,,4,0.332,0.082,0,0,,8,0.492,0.061,0.737,7,2.9,0.229,0.079,HFD,M,13
238,250530_26,,,Day3,1,MWM_150,12/17/2025,21.7,2.046,0.094,0,0,,0,0,,3.3,0.418,0.127,18.4,1.628,0.088,1.925,16.7,0,0,,HFD,M,13
239,250530_27,,,Day3,1,MWM_150,12/17/2025,60,10.84,0.181,16.5,3.065,0.186,18.1,2.989,0.165,14.4,2.431,0.169,10.2,2.204,0.215,,,43.2,7.205,0.167,HFD,F,11
240,250530_28,,,Day3,1,MWM_150,12/17/2025,60,12.03,0.201,4.8,1.057,0.219,10.6,2.244,0.212,21.6,4.284,0.199,20.7,3.954,0.191,,,28.6,4.876,0.171,HFD,F,11
241,250530_29,,,Day3,1,MWM_150,12/17/2025,60,4.612,0.077,7.4,0.365,0.05,32.9,2.551,0.077,0,0,,19.7,1.696,0.086,,,50.7,3.271,0.065,HFD,F,11
242,250530_30,,,Day3,1,MWM_150,12/17/2025,34.9,4.322,0.124,9.9,1.705,0.173,10.4,0.908,0.088,0.6,0.04,0.064,14,1.669,0.119,4.242,29.8,12.2,0.988,0.081,HFD,F,11
243,250530_31,,,Day3,1,MWM_150,12/17/2025,60,12.619,0.21,15.6,3.7,0.237,23.2,4.328,0.186,11.7,2.454,0.21,9.5,2.136,0.226,,,26.9,5.141,0.191,HFD,F,11
244,250530_1,,,Day3,2,MWM_150,12/17/2025,60,11.525,0.192,15.3,2.585,0.17,12.8,2.332,0.181,15.8,3.215,0.203,14.8,3.016,0.203,,,37.1,6.711,0.181,HFD,M,12
245,250530_2,,,Day3,2,MWM_150,12/17/2025,17,2.334,0.137,6.2,1.255,0.201,1.3,0.122,0.095,3.5,0.731,0.211,6,0.226,0.038,2.297,11.9,3.1,0.47,0.152,HFD,M,12
246,250530_3,,,Day3,2,MWM_150,12/17/2025,33.2,5.685,0.171,11.8,2.58,0.219,1.6,0.266,0.17,4,0.992,0.246,15.8,1.847,0.117,5.685,28.1,4.7,0.656,0.141,HFD,M,11
247,250530_4,,,Day3,2,MWM_150,12/17/2025,51.6,9.05,0.175,8.4,1.735,0.206,8.5,1.834,0.215,19.6,3.296,0.168,15,2.184,0.146,9.007,46.6,8.6,1.187,0.138,HFD,M,11
248,250530_5,,,Day3,2,MWM_150,12/17/2025,25.3,3.536,0.14,0.4,0.102,0.237,2.5,0.441,0.173,4.4,0.885,0.203,18,2.108,0.117,3.45,20.3,0,0,,HFD,M,11
249,250530_6,,,Day3,2,MWM_150,12/17/2025,7.8,0.693,0.089,0,0,,1.7,0.351,0.202,0,0,,6.1,0.342,0.056,0.613,2.8,0,0,,HFD,M,11
250,250530_8,,,Day3,2,MWM_150,12/17/2025,12.2,1.201,0.099,0,0,,5.1,0.824,0.16,0,0,,7,0.378,0.054,1.128,7.1,0,0,,HFD,F,12
251,250530_9,,,Day3,2,MWM_150,12/17/2025,36.3,5.988,0.165,6.1,1.058,0.172,7,1.303,0.186,7.6,1.554,0.204,15.5,2.072,0.133,5.95,31.2,2.6,0.441,0.172,HFD,F,12
252,250530_11,,,Day3,2,MWM_150,12/17/2025,60,7.521,0.125,22.3,2.67,0.12,23.1,3.368,0.146,4.4,0.289,0.065,9.3,1.118,0.121,,,29.3,3.747,0.128,HFD,M,12
253,250530_12,,,Day3,2,MWM_150,12/17/2025,60,11.66,0.194,15.2,3.24,0.213,10,2.398,0.239,25.3,4.048,0.16,9.4,1.975,0.21,,,19.9,3.752,0.188,HFD,M,12
254,250530_13,,,Day3,2,MWM_150,12/17/2025,54.7,8.712,0.159,21.6,3.709,0.172,16.1,2.827,0.175,5,1.038,0.208,12,1.137,0.095,8.678,49.7,8.5,1.307,0.154,HFD,M,11
255,250530_14,,,Day3,2,MWM_150,12/17/2025,29.3,2.064,0.07,8.3,0.248,0.03,0,0,,11.4,1.228,0.108,9.7,0.589,0.061,1.996,24.3,14.9,1.107,0.074,HFD,M,11
256,250530_15,,,Day3,2,MWM_150,12/17/2025,25.2,4.004,0.159,3.4,0.736,0.214,3,0.645,0.215,5.6,0.938,0.168,13.2,1.686,0.128,3.966,20.2,1.1,0.138,0.126,HFD,F,12
257,250530_16,,,Day3,2,MWM_150,12/17/2025,53.1,6.972,0.131,28.8,4.011,0.139,7.1,1.117,0.157,2.6,0.303,0.115,14.6,1.541,0.106,6.939,48,10.3,0.958,0.093,HFD,F,12
258,250530_18,,,Day3,2,MWM_150,12/17/2025,21.5,2.061,0.096,7,0.906,0.129,0,0,,7.6,0.91,0.119,6.9,0.244,0.036,2.023,16.5,0.8,0.041,0.05,HFD,F,12
259,250530_19,,,Day3,2,MWM_150,12/17/2025,10.5,0.693,0.066,0,0,,0,0,,3.5,0.468,0.132,7,0.225,0.032,0.659,5.4,0,0,,HFD,F,11
260,250530_20,,,Day3,2,MWM_150,12/17/2025,9.9,0.518,0.052,0,0,,0,0,,2.9,0.266,0.092,7,0.252,0.036,0.485,4.8,0,0,,HFD,F,11
261,250530_21,,,Day3,2,MWM_150,12/17/2025,60,12.978,0.216,9.2,2.576,0.279,30.8,5.35,0.174,13.7,2.242,0.163,6.2,2.81,0.451,,,14.5,3.157,0.218,HFD,F,11
262,250530_22,,,Day3,2,MWM_150,12/17/2025,29,4.118,0.142,14.9,2.637,0.177,2.3,0.516,0.224,4.3,0.563,0.13,7.5,0.402,0.053,4.086,24,4.5,0.737,0.163,HFD,F,8
263,250530_23,,,Day3,2,MWM_150,12/17/2025,11.5,1.17,0.102,0.8,0.046,0.054,4.6,0.882,0.193,0,0,,6.1,0.242,0.04,1.129,6.4,1.8,0.31,0.176,HFD,M,15
264,250530_25,,,Day3,2,MWM_150,12/17/2025,51.5,7.501,0.146,12.3,1.757,0.143,21.2,3.277,0.155,8.6,1.667,0.195,9.4,0.8,0.085,7.462,46.4,6.6,0.778,0.117,HFD,M,13
265,250530_26,,,Day3,2,MWM_150,12/17/2025,12,1.194,0.1,0,0,,1.3,0.198,0.159,1.2,0.193,0.166,9.6,0.802,0.084,1.115,6.9,0,0,,HFD,M,13
266,250530_27,,,Day3,2,MWM_150,12/17/2025,49.2,7.771,0.158,12.8,2.095,0.164,10.1,1.898,0.187,4.1,0.972,0.235,21.6,2.723,0.126,7.771,44.1,27,4.805,0.178,HFD,F,11
267,250530_28,,,Day3,2,MWM_150,12/17/2025,6.9,0.362,0.053,0,0,,0,0,,0.6,0.06,0.1,6.3,0.302,0.048,0.25,1.8,0,0,,HFD,F,11
268,250530_29,,,Day3,2,MWM_150,12/17/2025,60,8.967,0.149,22.7,3.446,0.152,12.7,1.215,0.096,10.9,2.192,0.2,13.7,2.115,0.155,,,41.3,5.07,0.123,HFD,F,11
269,250530_30,,,Day3,2,MWM_150,12/17/2025,55.7,9.078,0.163,4.9,0.972,0.2,11.6,1.206,0.104,8.6,1.593,0.185,30.7,5.307,0.173,9.036,50.7,8.1,0.523,0.065,HFD,F,11
270,250530_31,,,Day3,2,MWM_150,12/17/2025,60,12.349,0.206,21.6,4.301,0.199,15.3,3.033,0.199,13.3,3.043,0.229,9.3,1.875,0.202,,,34.5,6.581,0.191,HFD,F,11
271,250530_1,,,Day3,3,MWM_150,12/17/2025,60,11.287,0.188,9,2.037,0.226,17.8,3.369,0.189,15,2.721,0.181,17.6,3.068,0.175,,,23.5,3.958,0.168,HFD,M,12
272,250530_2,,,Day3,3,MWM_150,12/17/2025,43.5,7.144,0.164,0,0,,9.3,1.643,0.177,10.9,2.113,0.194,23.3,3.388,0.145,7.144,38.4,6.8,0.882,0.129,HFD,M,12
273,250530_3,,,Day3,3,MWM_150,12/17/2025,12.6,1.496,0.118,2.9,0.565,0.194,3.6,0.714,0.198,0,0,,6.1,0.216,0.035,1.458,7.6,0,0,,HFD,M,11
274,250530_4,,,Day3,3,MWM_150,12/17/2025,28.5,4.26,0.15,7,1.252,0.18,2.3,0.437,0.19,8.7,1.728,0.198,10.5,0.843,0.081,4.26,23.4,5.4,0.896,0.167,HFD,M,11
275,250530_5,,,Day3,3,MWM_150,12/17/2025,60,11.21,0.187,13.6,2.804,0.207,5.3,1.268,0.241,20.5,3.821,0.186,19.8,3.212,0.162,11.167,58.9,11.3,1.365,0.121,HFD,M,11
276,250530_6,,,Day3,3,MWM_150,12/17/2025,54.2,9.634,0.178,1.2,0.295,0.245,3.6,0.823,0.226,25,4.63,0.185,24.4,3.887,0.159,9.595,49.2,7.5,0.82,0.109,HFD,M,11
277,250530_8,,,Day3,3,MWM_150,12/17/2025,50.3,9.927,0.197,9,2.279,0.252,11.5,2.28,0.198,11.6,2.668,0.229,17.7,2.609,0.147,9.89,45.3,11.9,2.213,0.185,HFD,F,12
278,250530_9,,,Day3,3,MWM_150,12/17/2025,33.9,4.962,0.146,4.7,0.842,0.18,8.7,1.444,0.166,3.4,0.723,0.213,17.2,1.954,0.114,4.924,28.9,4.3,0.428,0.099,HFD,F,12
279,250530_11,,,Day3,3,MWM_150,12/17/2025,60,10.357,0.173,12.6,2.892,0.229,4.8,0.972,0.203,26.6,4.694,0.176,14.1,1.652,0.117,,,27.3,4.57,0.167,HFD,M,12
280,250530_12,,,Day3,3,MWM_150,12/17/2025,38.1,6.354,0.167,6.2,1.386,0.222,8.4,1.554,0.186,10.4,1.776,0.171,13.1,1.638,0.125,6.317,33,3.7,0.515,0.139,HFD,M,12
281,250530_13,,,Day3,3,MWM_150,12/17/2025,60,8.033,0.134,10.5,1.685,0.16,3.4,0.764,0.222,24.4,2.978,0.122,21.6,2.606,0.12,7.998,55.7,5,0.333,0.067,HFD,M,11
282,250530_14,,,Day3,3,MWM_150,12/17/2025,45.8,2.93,0.064,0,0,,4.1,0.222,0.055,25.2,1.286,0.051,16.5,1.421,0.086,2.895,40.8,11.4,0.592,0.052,HFD,M,11
283,250530_15,,,Day3,3,MWM_150,12/17/2025,12.1,0.903,0.074,0,0,,0,0,,5.1,0.689,0.136,7.1,0.214,0.03,0.87,7.1,0,0,,HFD,F,12
284,250530_16,,,Day3,3,MWM_150,12/17/2025,60,10.109,0.168,10.6,1.866,0.177,4.2,0.742,0.175,21.3,3.77,0.177,23.9,3.731,0.156,,,19.6,3.19,0.163,HFD,F,12
285,250530_18,,,Day3,3,MWM_150,12/17/2025,60,10.341,0.172,14.1,2.482,0.177,8.8,1.528,0.174,23.2,3.75,0.162,14,2.581,0.185,,,7.9,0.823,0.104,HFD,F,12
286,250530_19,,,Day3,3,MWM_150,12/17/2025,60,11.166,0.186,15,2.947,0.196,30,5.15,0.172,7,1.544,0.221,7.7,1.487,0.193,,,22.2,4.233,0.19,HFD,F,11
287,250530_20,,,Day3,3,MWM_150,12/17/2025,44.4,5.383,0.121,0.8,0.243,0.303,12.3,1.108,0.09,16.4,2.372,0.145,14.9,1.66,0.112,5.349,39.3,15.7,1.004,0.064,HFD,F,11
288,250530_21,,,Day3,3,MWM_150,12/17/2025,60,10.582,0.176,19.7,3.688,0.187,16.9,2.968,0.175,12.8,2.176,0.17,8.9,1.517,0.171,,,22.4,3.363,0.15,HFD,F,11
289,250530_22,,,Day3,3,MWM_150,12/17/2025,60,11.399,0.19,3.7,0.83,0.226,4.1,0.743,0.181,31.1,5.466,0.176,21.1,4.36,0.206,,,11.9,1.883,0.158,HFD,F,8
290,250530_23,,,Day3,3,MWM_150,12/17/2025,23.3,3.195,0.137,1.8,0.306,0.173,3.3,0.648,0.196,7.1,1.225,0.173,11.2,1.015,0.091,3.195,18.3,0.5,0,0,HFD,M,15
291,250530_25,,,Day3,3,MWM_150,12/17/2025,16.4,1.128,0.069,0,0,,0,0,,7.5,0.751,0.101,8.9,0.377,0.042,1.128,11.4,0,0,,HFD,M,13
292,250530_26,,,Day3,3,MWM_150,12/17/2025,17.9,1.781,0.1,0,0,,0,0,,4.7,0.675,0.143,13.1,1.105,0.084,1.74,12.8,0,0,,HFD,M,13
293,250530_27,,,Day3,3,MWM_150,12/17/2025,23,2.696,0.117,4.2,0.639,0.153,4.3,0.842,0.196,2.5,0.264,0.108,12.1,0.951,0.079,2.657,18,5.1,0.488,0.095,HFD,F,11
294,250530_28,,,Day3,3,MWM_150,12/17/2025,60,9.572,0.16,4.9,0.999,0.203,16.8,2.442,0.146,18.8,2.703,0.144,19.5,3.427,0.176,9.529,58.5,8.7,0.814,0.094,HFD,F,11
295,250530_29,,,Day3,3,MWM_150,12/17/2025,60,6.804,0.113,8.5,1.311,0.154,2.8,0.515,0.186,17,2.657,0.156,30.8,2.223,0.072,,,41.3,3.336,0.081,HFD,F,11
296,250530_30,,,Day3,3,MWM_150,12/17/2025,20.5,2.139,0.104,0,0,,0,0,,11.8,1.681,0.142,8.7,0.458,0.053,2.102,15.5,0.9,0.139,0.149,HFD,F,11
297,250530_31,,,Day3,3,MWM_150,12/17/2025,26,3.985,0.153,4.7,1.04,0.22,3,0.588,0.194,9.7,1.696,0.175,8.5,0.661,0.078,3.946,20.9,3.6,0.692,0.194,HFD,F,11
298,250530_1,,,Day3,4,MWM_150,12/17/2025,6.4,0.243,0.038,0,0,,0,0,,0,0,,6.4,0.243,0.038,0.085,1.3,0,0,,HFD,M,12
299,250530_2,,,Day3,4,MWM_150,12/17/2025,5.4,0.115,0.021,0,0,,0,0,,0,0,,5.4,0.115,0.021,0,0,0,0,,HFD,M,12
300,250530_3,,,Day3,4,MWM_150,12/17/2025,5.4,0,0,0,0,,0,0,,0,0,,5.4,0,0,0,0,0,0,,HFD,M,11
301,250530_4,,,Day3,4,MWM_150,12/17/2025,10.8,0.732,0.068,0,0,,0,0,,0,0,,10.8,0.732,0.068,0.654,5.8,0,0,,HFD,M,11
302,250530_5,,,Day3,4,MWM_150,12/17/2025,5.4,0.042,0.008,0,0,,0,0,,0,0,,5.4,0.042,0.008,0,0,0,0,,HFD,M,11
303,250530_6,,,Day3,4,MWM_150,12/17/2025,28,5.268,0.188,2.9,0.689,0.235,9,2.09,0.232,2.8,0.645,0.233,13.3,1.844,0.139,5.229,22.9,0,0,0,HFD,M,11
304,250530_8,,,Day3,4,MWM_150,12/17/2025,25.9,4.441,0.172,4,0.94,0.235,0.4,0.081,0.22,8.9,1.838,0.205,12.6,1.583,0.126,4.401,20.8,2.1,0.342,0.163,HFD,F,12
305,250530_9,,,Day3,4,MWM_150,12/17/2025,39.6,5.962,0.15,10.3,1.741,0.17,2.6,0.46,0.177,11.1,2.151,0.193,15.6,1.61,0.103,5.928,34.6,0.5,0.033,0.071,HFD,F,12
306,250530_11,,,Day3,4,MWM_150,12/17/2025,60,6.075,0.101,9.4,1.118,0.119,0,0,,28.7,3.231,0.113,21.9,1.726,0.079,,,30.3,2.838,0.094,HFD,M,12
307,250530_12,,,Day3,4,MWM_150,12/17/2025,14,1.115,0.08,0,0,,0,0,,2.2,0.234,0.108,11.8,0.881,0.074,1.043,9,0,0,,HFD,M,12
308,250530_13,,,Day3,4,MWM_150,12/17/2025,29.3,2.111,0.072,0,0,,2.6,0.323,0.124,0,0,,26.7,1.787,0.067,2.078,24.2,0,0,,HFD,M,11
309,250530_14,,,Day3,4,MWM_150,12/17/2025,23.2,1.1,0.047,0,0,,0,0,,0,0,,23.2,1.1,0.047,1.067,18.1,2.8,0.145,0.051,HFD,M,11
310,250530_15,,,Day3,4,MWM_150,12/17/2025,60,10.952,0.183,6.6,1.317,0.2,16.1,2.72,0.169,18.4,3.537,0.193,19,3.378,0.178,,,7.1,1.49,0.21,HFD,F,12
311,250530_16,,,Day3,4,MWM_150,12/17/2025,60,11.187,0.186,7.8,1.73,0.223,13.1,2.598,0.199,9.1,1.986,0.219,30.1,4.873,0.162,,,11.3,1.823,0.162,HFD,F,12
312,250530_18,,,Day3,4,MWM_150,12/17/2025,60,9.636,0.161,3,0.682,0.23,7.6,1.34,0.176,7.8,1.503,0.192,41.6,6.111,0.147,,,5.1,0.822,0.162,HFD,F,12
313,250530_19,,,Day3,4,MWM_150,12/17/2025,31.8,4.512,0.142,4.9,0.89,0.182,5.7,0.971,0.17,7.8,1.32,0.17,13.4,1.331,0.099,4.478,26.7,4.9,0.883,0.18,HFD,F,11
314,250530_20,,,Day3,4,MWM_150,12/17/2025,11.7,0.902,0.077,0,0,,0,0,,0,0,,11.7,0.902,0.077,0.799,6.6,0.8,0.074,0.088,HFD,F,11
315,250530_21,,,Day3,4,MWM_150,12/17/2025,28,3.957,0.141,0,0,,6.3,1.064,0.168,5.8,1.117,0.193,15.8,1.776,0.112,3.924,22.9,8.7,1.37,0.157,HFD,F,11
316,250530_22,,,Day3,4,MWM_150,12/17/2025,11.9,0.819,0.069,0,0,,0,0,,0,0,,11.9,0.819,0.069,0.819,6.9,0,0,,HFD,F,8
317,250530_23,,,Day3,4,MWM_150,12/17/2025,13.6,1.556,0.114,0,0,,0,0,,4.4,0.951,0.216,9.2,0.605,0.066,1.512,8.5,0,0,,HFD,M,15
318,250530_25,,,Day3,4,MWM_150,12/17/2025,16.7,1.329,0.079,0,0,,0,0,,0.4,0.047,0.117,16.3,1.283,0.079,1.249,11.7,1.9,0.166,0.087,HFD,M,13
319,250530_26,,,Day3,4,MWM_150,12/17/2025,60,11.417,0.19,11.8,2.07,0.176,20.9,3.861,0.185,8.3,1.928,0.232,19.1,3.558,0.187,,,8.1,1.628,0.2,HFD,M,13
320,250530_27,,,Day3,4,MWM_150,12/17/2025,13,0.56,0.043,0,0,,0,0,,0,0,,13,0.56,0.043,0.522,7.9,5.4,0.246,0.046,HFD,F,11
321,250530_28,,,Day3,4,MWM_150,12/17/2025,60,11.168,0.186,7.2,1.42,0.196,12.9,2.174,0.169,24.1,4.467,0.185,15.8,3.107,0.197,,,13.2,2.295,0.174,HFD,F,11
322,250530_29,,,Day3,4,MWM_150,12/17/2025,42.6,4.115,0.097,0,0,,5.8,0.591,0.101,6.9,0.785,0.113,29.8,2.739,0.092,4.03,37.5,25.5,1.907,0.075,HFD,F,11
323,250530_30,,,Day3,4,MWM_150,12/17/2025,6.7,0.28,0.042,0,0,,0,0,,0,0,,6.7,0.28,0.042,0.207,1.7,0,0,,HFD,F,11
324,250530_31,,,Day3,4,MWM_150,12/17/2025,39.8,7.954,0.2,8.7,1.901,0.219,9.8,2.208,0.225,5.7,1.439,0.254,15.6,2.406,0.154,7.916,34.7,2.5,0.427,0.171,HFD,F,11
325,250530_1,,,Day4,1,MWM_150,12/18/2025,60,10.696,0.178,3.3,0.62,0.191,16.8,2.93,0.175,18.4,3.042,0.165,21.5,4.105,0.191,,,19.8,3.585,0.181,HFD,M,12
326,250530_2,,,Day4,1,MWM_150,12/18/2025,32.8,5.673,0.173,7.5,1.608,0.215,6.8,1.408,0.208,5.9,1.187,0.2,12.6,1.47,0.117,5.635,27.7,2.2,0.381,0.173,HFD,M,12
327,250530_3,,,Day4,1,MWM_150,12/18/2025,26.2,4.871,0.186,2,0.569,0.284,2,0.465,0.229,7.3,1.871,0.255,14.8,1.967,0.132,4.871,21.1,1.9,0.14,0.075,HFD,M,11
328,250530_4,,,Day4,1,MWM_150,12/18/2025,42,7.571,0.18,13,2.634,0.203,4,0.827,0.207,13.8,2.768,0.201,11.3,1.342,0.119,7.529,36.9,4.8,0.902,0.188,HFD,M,11
329,250530_5,,,Day4,1,MWM_150,12/18/2025,56.9,10.79,0.19,17.2,3.334,0.194,10.1,2.304,0.228,14.1,2.986,0.211,15.5,2.166,0.14,10.749,51.9,12.3,2.041,0.166,HFD,M,11
330,250530_6,,,Day4,1,MWM_150,12/18/2025,33.7,6.218,0.185,6,1.368,0.229,4.2,0.916,0.22,7.6,1.67,0.22,15.9,2.264,0.142,6.176,28.6,4.4,0.69,0.156,HFD,M,11
331,250530_8,,,Day4,1,MWM_150,12/18/2025,47.8,8.027,0.168,1.7,0.291,0.171,11.7,2.356,0.201,7.2,1.411,0.196,27.2,3.969,0.146,7.992,42.8,3.6,0.66,0.181,HFD,F,12
332,250530_9,,,Day4,1,MWM_150,12/18/2025,27.7,3.729,0.135,3,0.534,0.179,5,0.921,0.184,3.1,0.39,0.126,16.6,1.884,0.113,3.649,22.6,0.4,0.044,0.11,HFD,F,12
333,250530_11,,,Day4,1,MWM_150,12/18/2025,16.4,1.336,0.082,0,0,,0,0,,5.9,0.626,0.106,10.5,0.71,0.068,1.303,11.3,0.3,0.043,0.13,HFD,M,12
334,250530_12,,,Day4,1,MWM_150,12/18/2025,31.4,4.424,0.141,0,0,,4.8,0.464,0.097,6.3,0.837,0.132,20.2,3.123,0.154,4.385,26.3,4.6,0.418,0.091,HFD,M,12
335,250530_13,,,Day4,1,MWM_150,12/18/2025,41.4,4.902,0.118,0,0,,0,0,,26.8,3.286,0.123,14.7,1.616,0.11,4.902,36.4,0,0,,HFD,M,11
336,250530_14,,,Day4,1,MWM_150,12/18/2025,60,7.252,0.121,8.2,1.223,0.149,16.4,2.196,0.134,15.6,1.609,0.103,19.8,2.224,0.112,,,22.9,2.675,0.117,HFD,M,11
337,250530_15,,,Day4,1,MWM_150,12/18/2025,5.4,0,0,0,0,,0,0,,0,0,,5.4,0,0,0,0,0,0,,HFD,F,12
338,250530_16,,,Day4,1,MWM_150,12/18/2025,14,1.281,0.091,0,0,,0,0,,6.1,0.875,0.143,7.9,0.406,0.051,1.247,9,0,0,,HFD,F,12
339,250530_18,,,Day4,1,MWM_150,12/18/2025,38,5.344,0.141,0,0,,3.5,0.678,0.192,16.4,2.276,0.139,18.1,2.39,0.132,5.23,33,4.3,0.93,0.215,HFD,F,12
340,250530_19,,,Day4,1,MWM_150,12/18/2025,60,11.651,0.194,5.2,1.061,0.203,14,2.384,0.17,16,3.114,0.194,24.7,5.092,0.206,,,19.8,3.744,0.189,HFD,F,11
341,250530_20,,,Day4,1,MWM_150,12/18/2025,11.9,0.855,0.072,0,0,,0,0,,4.5,0.55,0.122,7.4,0.305,0.041,0.788,6.9,0,0,,HFD,F,11
342,250530_21,,,Day4,1,MWM_150,12/18/2025,26,3.108,0.12,12.5,1.648,0.132,0,0,,6.3,1.128,0.18,6.8,0.297,0.043,3.071,21,10.1,1.406,0.139,HFD,F,11
343,250530_22,,,Day4,1,MWM_150,12/18/2025,32.6,5.198,0.16,2.3,0.311,0.137,7.7,1.749,0.227,13.3,2.136,0.161,9.3,1.003,0.108,5.163,27.5,3.6,0.427,0.117,HFD,F,8
344,250530_23,,,Day4,1,MWM_150,12/18/2025,23.3,0,0,0,0,,0,0,,0,0,,0,0,,,,0,0,,HFD,M,15
345,250530_25,,,Day4,1,MWM_150,12/18/2025,23.5,2.376,0.101,0,0,,0,0,,8.3,0.953,0.115,15.3,1.423,0.093,2.301,18.4,1.9,0.155,0.081,HFD,M,13
346,250530_26,,,Day4,1,MWM_150,12/18/2025,52.7,9.768,0.185,10.6,2.341,0.222,3.7,0.823,0.222,17.5,3.645,0.208,20.9,2.96,0.142,9.768,47.6,4.7,0.85,0.183,HFD,M,13
347,250530_27,,,Day4,1,MWM_150,12/18/2025,39.5,6.479,0.164,7.3,1.579,0.215,11.2,2.023,0.181,4.6,0.877,0.189,16.3,2,0.122,6.439,34.5,12.5,1.702,0.136,HFD,F,11
348,250530_28,,,Day4,1,MWM_150,12/18/2025,6.6,0.234,0.035,0,0,,0,0,,0,0,,6.6,0.234,0.035,0.156,1.5,0,0,,HFD,F,11
349,250530_29,,,Day4,1,MWM_150,12/18/2025,60,6.834,0.114,12.2,1.7,0.14,0,0,,35.3,4.672,0.132,12.4,0.462,0.037,,,30.6,3.027,0.099,HFD,F,11
350,250530_30,,,Day4,1,MWM_150,12/18/2025,5.7,0.04,0.007,0,0,,0,0,,0,0,,5.7,0.04,0.007,,0.6,0,0,,HFD,F,11
351,250530_31,,,Day4,1,MWM_150,12/18/2025,30.9,5.162,0.167,9.2,1.815,0.197,2,0.445,0.226,10.2,1.939,0.19,9.5,0.964,0.101,5.129,25.9,5.6,1.043,0.185,HFD,F,11
352,250530_1,,,Day4,2,MWM_150,12/18/2025,24.4,2.771,0.114,1,0.088,0.091,6.7,1.045,0.156,0,0,,16.7,1.638,0.098,2.732,19.3,0.7,0.075,0.113,HFD,M,12
353,250530_2,,,Day4,2,MWM_150,12/18/2025,9.3,0.83,0.089,0,0,,0,0,,0,0,,9.3,0.83,0.089,0.752,4.2,1,0.196,0.196,HFD,M,12
354,250530_3,,,Day4,2,MWM_150,12/18/2025,10.4,0.727,0.07,0,0,,0.6,0.041,0.072,0,0,,9.8,0.686,0.07,0.686,5.3,0,0,,HFD,M,11
355,250530_4,,,Day4,2,MWM_150,12/18/2025,6.3,0.205,0.032,0,0,,0,0,,0,0,,6.3,0.205,0.032,0.129,1.3,0,0,,HFD,M,11
356,250530_5,,,Day4,2,MWM_150,12/18/2025,17.1,2.316,0.136,4.6,0.934,0.204,6.2,1.142,0.186,0,0,,6.4,0.24,0.038,2.275,12,0,0,,HFD,M,11
357,250530_6,,,Day4,2,MWM_150,12/18/2025,54.2,9.155,0.169,5.1,0.945,0.184,3.1,0.524,0.167,22.4,4.246,0.189,23.4,3.44,0.147,9.114,49.1,1.3,0.249,0.187,HFD,M,11
358,250530_8,,,Day4,2,MWM_150,12/18/2025,13.2,1.287,0.097,0,0,,1.7,0.319,0.187,0,0,,11.5,0.968,0.084,1.252,8.2,0,0,,HFD,F,12
359,250530_9,,,Day4,2,MWM_150,12/18/2025,21.1,2.578,0.122,5.2,0.833,0.161,2.3,0.309,0.134,4.1,0.831,0.204,9.5,0.605,0.064,2.578,16,0,0,,HFD,F,12
360,250530_11,,,Day4,2,MWM_150,12/18/2025,60,8.86,0.148,13.8,2.158,0.156,18.5,2.178,0.117,18.8,3.194,0.17,8.8,1.331,0.151,,,13.4,1.39,0.104,HFD,M,12
361,250530_12,,,Day4,2,MWM_150,12/18/2025,32.3,4.214,0.13,2.5,0.311,0.124,3.3,0.573,0.175,5.2,0.55,0.106,21.3,2.78,0.13,4.136,27.2,1.4,0.214,0.153,HFD,M,12
362,250530_13,,,Day4,2,MWM_150,12/18/2025,13.4,0.601,0.045,0,0,,3.8,0.24,0.063,0,0,,9.6,0.361,0.038,0.568,8.4,0,0,,HFD,M,11
363,250530_14,,,Day4,2,MWM_150,12/18/2025,60,6.944,0.116,8.3,1.034,0.124,13,1.523,0.117,31.4,3.446,0.11,7.2,0.942,0.131,,,9.7,1.117,0.116,HFD,M,11
364,250530_15,,,Day4,2,MWM_150,12/18/2025,12.7,1.087,0.086,0,0,,3.4,0.401,0.117,0,0,,9.3,0.686,0.074,1.009,7.6,0,0,,HFD,F,12
365,250530_16,,,Day4,2,MWM_150,12/18/2025,13.2,1.111,0.084,0,0,,5.4,0.783,0.144,0,0,,7.7,0.328,0.042,1.111,8.1,0,0,,HFD,F,12
366,250530_18,,,Day4,2,MWM_150,12/18/2025,14.9,1.106,0.074,0,0,,0.8,0.051,0.061,5.5,0.611,0.111,8.5,0.443,0.052,1.106,9.8,0,0,,HFD,F,12
367,250530_19,,,Day4,2,MWM_150,12/18/2025,60,11.759,0.196,16.8,3.147,0.187,13.7,2.71,0.198,11,2.327,0.212,18.5,3.576,0.193,,,16.2,3.261,0.202,HFD,F,11
368,250530_20,,,Day4,2,MWM_150,12/18/2025,6,0.142,0.024,0,0,,0,0,,0,0,,6,0.142,0.024,0.035,0.9,0,0,,HFD,F,11
369,250530_21,,,Day4,2,MWM_150,12/18/2025,60,9.768,0.163,17.4,2.746,0.158,16.5,2.546,0.155,20.1,3.205,0.159,6,1.271,0.211,,,15.8,1.843,0.117,HFD,F,11
370,250530_22,,,Day4,2,MWM_150,12/18/2025,8.3,0.597,0.072,0,0,,0,0,,0,0,,8.3,0.597,0.072,0.487,3.2,0,0,,HFD,F,8
371,250530_23,,,Day4,2,MWM_150,12/18/2025,14.8,1.592,0.108,0.1,0,0,4.9,0.705,0.145,2.2,0.466,0.209,7.6,0.421,0.055,1.517,9.7,1.2,0.08,0.066,HFD,M,15
372,250530_25,,,Day4,2,MWM_150,12/18/2025,21.1,2.204,0.104,1.1,0.24,0.225,5.5,0.795,0.145,6.6,0.772,0.118,8,0.396,0.049,2.166,16.1,0,0,,HFD,M,13
373,250530_26,,,Day4,2,MWM_150,12/18/2025,32.3,4.167,0.129,1.1,0.299,0.28,3.8,0.667,0.176,7.2,1.171,0.162,20.2,2.03,0.1,4.126,27.3,0,0,,HFD,M,13
374,250530_27,,,Day4,2,MWM_150,12/18/2025,60,9.6,0.16,8.6,2.069,0.24,22.3,2.727,0.122,9.9,2.199,0.223,19.2,2.605,0.135,9.562,58.4,11.3,1.185,0.105,HFD,F,11
375,250530_28,,,Day4,2,MWM_150,12/18/2025,8.1,0.404,0.05,0,0,,0.8,0.051,0.065,0,0,,7.3,0.353,0.048,0.324,3,0,0,,HFD,F,11
376,250530_29,,,Day4,2,MWM_150,12/18/2025,60,7.384,0.123,5.1,0.524,0.103,25.2,2.318,0.092,8.7,1.821,0.209,20.9,2.721,0.13,,,36.9,2.674,0.072,HFD,F,11
377,250530_30,,,Day4,2,MWM_150,12/18/2025,17.4,1.846,0.106,0,0,,1.3,0.14,0.107,0,0,,16.1,1.706,0.106,1.77,12.4,0,0,,HFD,F,11
378,250530_31,,,Day4,2,MWM_150,12/18/2025,60,11.923,0.199,15.4,2.966,0.193,22.7,4.396,0.193,11.6,2.408,0.208,10.2,2.109,0.206,,,28,5.435,0.194,HFD,F,11
379,250530_1,,,Day4,3,MWM_150,12/18/2025,16.5,1.754,0.106,2.2,0.351,0.161,0,0,,6.6,1.114,0.168,7.7,0.289,0.037,1.717,11.5,1.3,0.172,0.132,HFD,M,12
380,250530_2,,,Day4,3,MWM_150,12/18/2025,10.6,0.817,0.077,0,0,,0,0,,0.7,0.091,0.123,9.9,0.726,0.073,0.777,5.6,0,0,,HFD,M,12
381,250530_3,,,Day4,3,MWM_150,12/18/2025,60,9.2,0.153,9,1.575,0.175,11.9,2.076,0.175,16,2.524,0.157,23,2.987,0.13,9.2,55.4,6,0.686,0.115,HFD,M,11
382,250530_4,,,Day4,3,MWM_150,12/18/2025,29.9,4.499,0.15,4.9,0.833,0.169,6.7,1.195,0.178,6.4,1.277,0.2,11.9,1.194,0.1,4.458,24.9,0,0,,HFD,M,11
383,250530_5,,,Day4,3,MWM_150,12/18/2025,20.3,2.802,0.138,0,0,,4.7,0.846,0.18,5.4,1.024,0.19,10.2,0.931,0.091,2.802,15.3,0,0,,HFD,M,11
384,250530_6,,,Day4,3,MWM_150,12/18/2025,11.1,0.974,0.088,0,0,,0,0,,2.7,0.572,0.209,8.4,0.402,0.048,0.974,6.1,0,0,,HFD,M,11
385,250530_8,,,Day4,3,MWM_150,12/18/2025,7.4,0.485,0.066,0,0,,1.2,0.223,0.185,0,0,,6.2,0.262,0.042,0.419,2.3,0,0,,HFD,F,12
386,250530_9,,,Day4,3,MWM_150,12/18/2025,31.3,3.817,0.122,3,0.504,0.166,5.5,0.84,0.153,7,1.195,0.171,15.8,1.279,0.081,3.784,26.2,0,0,,HFD,F,12
387,250530_11,,,Day4,3,MWM_150,12/18/2025,60,6.295,0.105,35.8,3.486,0.097,2.6,0.185,0.071,20.3,2.519,0.124,0,0,,,,19.3,1.496,0.077,HFD,M,12
388,250530_12,,,Day4,3,MWM_150,12/18/2025,44.9,3.776,0.084,6.6,0.558,0.085,0.2,0,0,25,2.148,0.086,13.2,1.07,0.081,3.696,39.8,3.2,0.154,0.048,HFD,M,12
389,250530_13,,,Day4,3,MWM_150,12/18/2025,32.7,2.371,0.073,1.4,0.093,0.068,0,0,,20.9,1.623,0.078,10.4,0.654,0.063,2.333,27.6,1.6,0.127,0.081,HFD,M,11
390,250530_14,,,Day4,3,MWM_150,12/18/2025,42.2,3.223,0.076,13,0.973,0.075,0,0,,15.5,1.576,0.101,13.4,0.634,0.047,3.223,37.2,19.6,1.433,0.073,HFD,M,11
391,250530_15,,,Day4,3,MWM_150,12/18/2025,9.9,0.595,0.06,0,0,,0,0,,2.4,0.289,0.121,7.5,0.307,0.041,0.558,4.8,0,0,,HFD,F,12
392,250530_16,,,Day4,3,MWM_150,12/18/2025,24.2,2.728,0.113,0,0,,8.3,0.977,0.117,0,0,,15.9,1.751,0.11,2.728,19.2,1.7,0.195,0.117,HFD,F,12
393,250530_18,,,Day4,3,MWM_150,12/18/2025,22,2.501,0.114,3.8,0.532,0.141,0.7,0.138,0.189,8.6,1.278,0.148,8.8,0.552,0.063,2.463,16.9,0,0,,HFD,F,12
394,250530_19,,,Day4,3,MWM_150,12/18/2025,60,11.849,0.197,11.8,2.479,0.211,10.2,2.155,0.212,15.4,3.008,0.196,21.6,4.052,0.187,,,13.2,2.214,0.168,HFD,F,11
395,250530_20,,,Day4,3,MWM_150,12/18/2025,24.1,2.994,0.124,3.9,0.737,0.187,3.1,0.503,0.164,7.4,0.99,0.133,9.6,0.764,0.08,2.994,19,1.2,0.093,0.075,HFD,F,11
396,250530_21,,,Day4,3,MWM_150,12/18/2025,60,8.234,0.137,7.6,1.127,0.147,8.6,1.347,0.156,25.9,3.521,0.136,17.8,2.24,0.126,,,9.5,1.006,0.106,HFD,F,11
397,250530_22,,,Day4,3,MWM_150,12/18/2025,33.4,5.474,0.164,6.5,1.17,0.18,3.9,0.933,0.239,4.4,0.836,0.19,18.6,2.536,0.136,5.439,28.4,2.6,0.483,0.186,HFD,F,8
398,250530_23,,,Day4,3,MWM_150,12/18/2025,13.8,0.99,0.072,0,0,,6.5,0.796,0.122,0,0,,7.3,0.194,0.027,0.948,8.7,0,0,,HFD,M,15
399,250530_25,,,Day4,3,MWM_150,12/18/2025,60,7.935,0.132,26.5,2.8,0.106,16.5,2.419,0.147,8.6,1.47,0.171,8.4,1.246,0.148,,,12.9,1.078,0.083,HFD,M,13
400,250530_26,,,Day4,3,MWM_150,12/18/2025,27.4,1.998,0.073,4.7,0.374,0.08,9.8,0.824,0.084,0,0,,12.9,0.8,0.062,1.923,22.3,0,0,,HFD,M,13
401,250530_27,,,Day4,3,MWM_150,12/18/2025,39.3,4.974,0.127,5.7,0.902,0.157,11.1,1.226,0.11,7.2,1.507,0.209,15.3,1.338,0.088,4.897,34.2,8.9,0.937,0.105,HFD,F,11
402,250530_28,,,Day4,3,MWM_150,12/18/2025,35.6,5.212,0.146,3.8,0.827,0.219,4.2,0.473,0.113,13.5,2.615,0.194,14.2,1.299,0.092,5.176,30.6,0,0,,HFD,F,11
403,250530_29,,,Day4,3,MWM_150,12/18/2025,60,7.767,0.129,5.9,0.841,0.143,0.9,0.103,0.11,15.6,2.514,0.161,37.6,4.31,0.115,,,37,3.324,0.09,HFD,F,11
404,250530_30,,,Day4,3,MWM_150,12/18/2025,32.7,4.218,0.129,0.5,0.045,0.083,0.9,0.123,0.142,13.1,1.732,0.132,18.1,2.317,0.128,4.181,27.6,0,0,,HFD,F,11
405,250530_31,,,Day4,3,MWM_150,12/18/2025,60,10.214,0.17,20.6,3.274,0.159,16.8,2.92,0.174,10.7,2.111,0.198,9.6,1.492,0.155,,,30.9,5.187,0.168,HFD,F,11
406,250530_1,,,Day4,4,MWM_150,12/18/2025,5.4,0.037,0.007,0,0,,0,0,,0,0,,5.4,0.037,0.007,0,0,0,0,,HFD,M,12
407,250530_2,,,Day4,4,MWM_150,12/18/2025,11.1,1.109,0.1,1,0.223,0.223,2.4,0.474,0.195,1,0.09,0.093,6.7,0.322,0.048,1.071,6.1,0,0,,HFD,M,12
408,250530_3,,,Day4,4,MWM_150,12/18/2025,15,1.704,0.114,0,0,,0,0,,8.2,1.487,0.182,6.8,0.217,0.032,1.704,9.9,0,0,,HFD,M,11
409,250530_4,,,Day4,4,MWM_150,12/18/2025,5.4,0,0,0,0,,0,0,,0,0,,5.4,0,0,0,0,0,0,,HFD,M,11
410,250530_5,,,Day4,4,MWM_150,12/18/2025,15.7,1.497,0.096,0,0,,0,0,,8.2,1.224,0.149,7.5,0.273,0.037,1.456,10.6,0,0,,HFD,M,11
411,250530_6,,,Day4,4,MWM_150,12/18/2025,7.4,0.298,0.04,0,0,,0.8,0.09,0.111,0,0,,6.6,0.208,0.032,0.261,2.3,0,0,,HFD,M,11
412,250530_8,,,Day4,4,MWM_150,12/18/2025,10.6,0.622,0.058,0,0,,0,0,,0,0,,10.6,0.622,0.058,0.589,5.6,0,0,,HFD,F,12
413,250530_9,,,Day4,4,MWM_150,12/18/2025,10.8,0.764,0.071,0,0,,0,0,,4.2,0.541,0.129,6.6,0.223,0.034,0.764,5.7,0,0,,HFD,F,12
414,250530_11,,,Day4,4,MWM_150,12/18/2025,60,7.129,0.119,13.3,1.659,0.125,17,1.463,0.086,6.3,0.75,0.12,23,3.257,0.141,,,27.1,2.432,0.09,HFD,M,12
415,250530_12,,,Day4,4,MWM_150,12/18/2025,7.6,0.227,0.03,0,0,,0,0,,0,0,,7.6,0.227,0.03,0.152,2.5,0,0,,HFD,M,12
416,250530_13,,,Day4,4,MWM_150,12/18/2025,11,0.324,0.03,0,0,,0,0,,0,0,,11,0.324,0.03,0.286,5.9,0,0,,HFD,M,11
417,250530_14,,,Day4,4,MWM_150,12/18/2025,12.3,0.383,0.031,0,0,,0,0,,0,0,,12.3,0.383,0.031,0.311,7.2,0,0,,HFD,M,11
418,250530_15,,,Day4,4,MWM_150,12/18/2025,5.6,0.066,0.012,0,0,,0,0,,0,0,,5.6,0.066,0.012,0,0,0,0,,HFD,F,12
419,250530_16,,,Day4,4,MWM_150,12/18/2025,25.7,2.326,0.091,0,0,,0,0,,0,0,,25.7,2.326,0.091,2.289,20.6,0,0,,HFD,F,12
420,250530_18,,,Day4,4,MWM_150,12/18/2025,14.9,0.792,0.053,0,0,,0,0,,0,0,,14.9,0.792,0.053,0.76,9.8,0,0,,HFD,F,12
421,250530_19,,,Day4,4,MWM_150,12/18/2025,5.6,0.037,0.007,0,0,,0,0,,0,0,,5.6,0.037,0.007,0,0,0,0,,HFD,F,11
422,250530_20,,,Day4,4,MWM_150,12/18/2025,6.4,0.175,0.028,0,0,,0,0,,0,0,,6.4,0.175,0.028,0.105,1.3,0,0,,HFD,F,11
423,250530_21,,,Day4,4,MWM_150,12/18/2025,12.1,0.811,0.067,0,0,,0.8,0.111,0.144,0,0,,11.4,0.7,0.062,0.777,7,1,0.037,0.039,HFD,F,11
424,250530_22,,,Day4,4,MWM_150,12/18/2025,6.6,0.088,0.013,0,0,,0,0,,0,0,,6.6,0.088,0.013,0.049,1.6,0,0,,HFD,F,8
425,250530_23,,,Day4,4,MWM_150,12/18/2025,21.9,2.28,0.104,2.1,0.399,0.19,2.6,0.397,0.153,4.2,0.324,0.077,13,1.16,0.09,2.236,16.9,0,0,,HFD,M,15
426,250530_25,,,Day4,4,MWM_150,12/18/2025,13.9,0.991,0.071,0,0,,0,0,,4.5,0.468,0.105,9.4,0.523,0.055,0.95,8.9,0,0,,HFD,M,13
427,250530_26,,,Day4,4,MWM_150,12/18/2025,13.4,0.606,0.045,0,0,,0,0,,0,0,,13.4,0.606,0.045,0.499,8.4,0,0,,HFD,M,13
428,250530_27,,,Day4,4,MWM_150,12/18/2025,60,9.436,0.157,6,1.279,0.212,13.2,2.227,0.169,16.6,2.731,0.165,24.2,3.198,0.132,,,12,1.421,0.119,HFD,F,11
429,250530_28,,,Day4,4,MWM_150,12/18/2025,17.1,1.813,0.106,0,0,,0,0,,2.5,0.397,0.157,14.6,1.416,0.097,1.734,12.1,0,0,,HFD,F,11
430,250530_29,,,Day4,4,MWM_150,12/18/2025,60,7,0.117,9.3,1.474,0.159,17.3,1.265,0.073,24.6,3.28,0.133,8.2,0.895,0.109,,,33.3,1.794,0.054,HFD,F,11
431,250530_30,,,Day4,4,MWM_150,12/18/2025,13.1,0.763,0.058,0,0,,0,0,,0,0,,13.1,0.763,0.058,0.728,8,0,0,,HFD,F,11
432,250530_31,,,Day4,4,MWM_150,12/18/2025,60,9.668,0.161,16.3,2.336,0.143,7.6,1.555,0.204,20.3,3.047,0.15,15.3,2.634,0.172,,,27.8,4.242,0.152,HFD,F,11
433,250530_1,,,Day5,1,MWM_150,12/19/2025,27,3.98,0.148,1.1,0.267,0.251,3.3,0.692,0.21,10,1.869,0.186,12.6,1.151,0.092,3.98,21.9,0,0,,HFD,M,12
434,250530_2,,,Day5,1,MWM_150,12/19/2025,15.3,1.785,0.117,0,0,,3.8,0.805,0.21,0,0,,11.4,0.98,0.086,1.785,10.2,0,0,,HFD,M,12
435,250530_3,,,Day5,1,MWM_150,12/19/2025,13.1,1.411,0.108,1.2,0.231,0.192,0.9,0.177,0.197,4.1,0.764,0.188,6.9,0.238,0.035,1.411,8,0,0,,HFD,M,11
436,250530_4,,,Day5,1,MWM_150,12/19/2025,6.5,0.198,0.03,0,0,,0,0,,0,0,,6.5,0.198,0.03,0.12,1.5,0,0,,HFD,M,11
437,250530_5,,,Day5,1,MWM_150,12/19/2025,15.4,1.663,0.108,0,0,,0,0,,4.3,0.799,0.184,11,0.863,0.078,1.588,10.3,0,0,,HFD,M,11
438,250530_6,,,Day5,1,MWM_150,12/19/2025,10.8,0.708,0.066,0,0,,0,0,,0,0,,10.8,0.708,0.066,0.67,5.7,0,0,,HFD,M,11
439,250530_8,,,Day5,1,MWM_150,12/19/2025,16.7,1.596,0.096,0,0,,0,0,,2.4,0.4,0.169,14.3,1.196,0.083,1.526,11.6,0,0,,HFD,F,12
440,250530_9,,,Day5,1,MWM_150,12/19/2025,30.7,3.396,0.111,2.7,0.392,0.147,1.4,0.236,0.168,10.7,1.708,0.16,15.9,1.06,0.067,3.396,25.6,0,0,,HFD,F,12
441,250530_11,,,Day5,1,MWM_150,12/19/2025,60,7.145,0.119,3.7,0.714,0.195,13,1.35,0.104,9.9,1.324,0.133,33.4,3.758,0.112,,,31,3.182,0.103,HFD,M,12
442,250530_12,,,Day5,1,MWM_150,12/19/2025,15.4,0.733,0.048,0,0,,0,0,,0,0,,15.4,0.733,0.048,0.695,10.3,1.4,0.075,0.054,HFD,M,12
443,250530_13,,,Day5,1,MWM_150,12/19/2025,5.8,0.103,0.018,0,0,,0,0,,0,0,,5.8,0.103,0.018,,0.7,0,0,,HFD,M,11
444,250530_14,,,Day5,1,MWM_150,12/19/2025,10.8,0.413,0.038,0,0,,0,0,,0,0,,10.8,0.413,0.038,0.375,5.7,0,0,,HFD,M,11
445,250530_15,,,Day5,1,MWM_150,12/19/2025,18.1,1.416,0.078,0.2,0.044,0.19,4.1,0.432,0.105,1.3,0.238,0.188,12.5,0.702,0.056,1.379,13,0,0,,HFD,F,12
446,250530_16,,,Day5,1,MWM_150,12/19/2025,9.5,0.478,0.05,0,0,,0,0,,0,0,,9.5,0.478,0.05,0.441,4.5,1.5,0.096,0.065,HFD,F,12
447,250530_18,,,Day5,1,MWM_150,12/19/2025,6.7,0.149,0.022,0,0,,0,0,,0,0,,6.7,0.149,0.022,0.116,1.7,0,0,,HFD,F,12
448,250530_19,,,Day5,1,MWM_150,12/19/2025,42.7,6.464,0.152,10.2,1.818,0.179,2.1,0.448,0.21,14.3,2.48,0.174,16.1,1.718,0.107,6.427,37.6,11,1.927,0.175,HFD,F,11
449,250530_20,,,Day5,1,MWM_150,12/19/2025,10.9,0.746,0.069,0,0,,0.3,0.037,0.111,0,0,,10.5,0.709,0.067,0.679,5.8,0,0,,HFD,F,11
450,250530_21,,,Day5,1,MWM_150,12/19/2025,27.2,2.927,0.108,6,0.829,0.137,0.6,0.076,0.12,11.2,1.515,0.135,9.3,0.508,0.054,2.892,22.1,0,0,,HFD,F,11
451,250530_22,,,Day5,1,MWM_150,12/19/2025,8.3,0.306,0.037,0,0,,0,0,,0,0,,8.3,0.306,0.037,0.306,3.3,0,0,,HFD,F,8
452,250530_23,,,Day5,1,MWM_150,12/19/2025,47.1,8.037,0.171,11.9,2.41,0.203,4.7,0.896,0.189,11.8,2.235,0.189,18.6,2.497,0.134,8.037,42,3.3,0.516,0.156,HFD,M,15
453,250530_25,,,Day5,1,MWM_150,12/19/2025,46,6.326,0.137,1.9,0.432,0.223,8.9,1.144,0.128,8.9,1.506,0.169,26.3,3.245,0.124,6.326,40.9,13.4,0.985,0.074,HFD,M,13
454,250530_26,,,Day5,1,MWM_150,12/19/2025,17.4,0.849,0.049,0,0,,0,0,,1.8,0.067,0.037,15.6,0.782,0.05,0.783,12.3,0.7,0,0,HFD,M,13
455,250530_27,,,Day5,1,MWM_150,12/19/2025,6.8,0.084,0.012,0,0,,0,0,,0,0,,6.8,0.084,0.012,0.045,1.7,0,0,,HFD,F,11
456,250530_28,,,Day5,1,MWM_150,12/19/2025,12.2,0.565,0.046,0,0,,0,0,,0,0,,12.2,0.565,0.046,0.453,7.2,0,0,,HFD,F,11
457,250530_29,,,Day5,1,MWM_150,12/19/2025,60,3.699,0.062,0,0,,0,0,,13.4,1.173,0.088,46.6,2.526,0.054,,,45.9,1.912,0.042,HFD,F,11
458,250530_30,,,Day5,1,MWM_150,12/19/2025,16.3,1.227,0.075,0,0,,2.7,0.308,0.115,3.6,0.307,0.085,10,0.612,0.061,1.227,11.2,0,0,,HFD,F,11
459,250530_31,,,Day5,1,MWM_150,12/19/2025,60,9.307,0.155,22.6,3.047,0.135,5.2,1.129,0.219,8.7,1.853,0.212,23.5,3.277,0.14,,,27.6,4.128,0.15,HFD,F,11
460,250530_1,,,Day5,2,MWM_150,12/19/2025,8.5,0.574,0.067,0,0,,0,0,,1.9,0.332,0.175,6.6,0.241,0.036,0.497,3.5,0,0,,HFD,M,12
461,250530_2,,,Day5,2,MWM_150,12/19/2025,16.6,2.27,0.136,0.5,0.102,0.191,0,0,,5.3,1.013,0.19,10.8,1.155,0.107,2.229,11.6,0,0,,HFD,M,12
462,250530_3,,,Day5,2,MWM_150,12/19/2025,12,1.211,0.101,0,0,,0,0,,3.4,0.643,0.187,8.6,0.568,0.066,1.173,7,0,0,,HFD,M,11
463,250530_4,,,Day5,2,MWM_150,12/19/2025,31.5,5.233,0.166,4,0.856,0.216,1.7,0.314,0.185,15.8,3.061,0.194,10,1.002,0.1,5.19,26.4,0,0,,HFD,M,11
464,250530_5,,,Day5,2,MWM_150,12/19/2025,10.6,0.878,0.083,0,0,,0,0,,4.2,0.605,0.145,6.5,0.273,0.042,0.841,5.6,0,0,,HFD,M,11
465,250530_6,,,Day5,2,MWM_150,12/19/2025,26.2,3.043,0.116,0,0,,0.9,0.166,0.192,8.1,1.108,0.137,17.2,1.769,0.103,3.043,21.1,0,0,,HFD,M,11
466,250530_8,,,Day5,2,MWM_150,12/19/2025,11.9,0.904,0.076,0,0,,0,0,,2.7,0.362,0.134,9.3,0.541,0.059,0.87,6.9,0,0,,HFD,F,12
467,250530_9,,,Day5,2,MWM_150,12/19/2025,10.7,0.822,0.077,0,0,,0,0,,2.5,0.426,0.171,8.2,0.396,0.048,0.822,5.6,0,0,,HFD,F,12
468,250530_11,,,Day5,2,MWM_150,12/19/2025,45.6,5.594,0.123,4,0.415,0.103,15.4,2.403,0.156,18.5,2.425,0.131,7.7,0.351,0.046,5.556,40.6,15.2,1.594,0.105,HFD,M,12
469,250530_12,,,Day5,2,MWM_150,12/19/2025,26,2.612,0.1,2.2,0.284,0.127,2.7,0.43,0.159,13.6,1.579,0.116,7.4,0.32,0.043,2.57,20.9,0.6,0.042,0.074,HFD,M,12
470,250530_13,,,Day5,2,MWM_150,12/19/2025,26.6,2.367,0.089,3.3,0.287,0.087,0,0,,16.8,1.866,0.111,6.5,0.214,0.033,2.33,21.5,0,0,,HFD,M,11
471,250530_14,,,Day5,2,MWM_150,12/19/2025,23.7,1.446,0.061,0,0,,0,0,,11.4,0.822,0.072,12.3,0.624,0.051,1.413,18.6,1.8,0.163,0.092,HFD,M,11
472,250530_15,,,Day5,2,MWM_150,12/19/2025,12.3,0.788,0.064,0,0,,0,0,,3.6,0.357,0.099,8.7,0.432,0.05,0.723,7.3,0,0,,HFD,F,12
473,250530_16,,,Day5,2,MWM_150,12/19/2025,14.9,1.177,0.079,1.2,0.088,0.075,0,0,,3.7,0.545,0.149,10.1,0.543,0.054,1.144,9.8,0,0,,HFD,F,12
474,250530_18,,,Day5,2,MWM_150,12/19/2025,15.8,1.076,0.068,1.6,0.114,0.071,0,0,,6.9,0.732,0.106,7.3,0.23,0.032,1.076,10.8,0,0,,HFD,F,12
475,250530_19,,,Day5,2,MWM_150,12/19/2025,7.6,0.418,0.055,0,0,,0,0,,1,0.115,0.113,6.6,0.303,0.046,0.383,2.6,0,0,,HFD,F,11
476,250530_20,,,Day5,2,MWM_150,12/19/2025,13.8,0.956,0.069,0,0,,0,0,,0,0,,13.8,0.956,0.069,0.856,8.7,0,0,,HFD,F,11
477,250530_21,,,Day5,2,MWM_150,12/19/2025,30,3.247,0.108,6.4,0.828,0.13,2.4,0.268,0.112,8.7,1.17,0.134,11.8,0.913,0.077,3.214,24.9,5,0.564,0.112,HFD,F,11
478,250530_22,,,Day5,2,MWM_150,12/19/2025,30.9,4.257,0.138,3,0.499,0.166,0.9,0.224,0.259,12.4,1.946,0.156,14.6,1.588,0.109,4.257,25.8,0.8,0.072,0.085,HFD,F,8
479,250530_23,,,Day5,2,MWM_150,12/19/2025,17.7,1.585,0.089,0,0,,1.9,0.132,0.071,7.5,0.948,0.127,8.4,0.505,0.06,1.542,12.7,0,0,,HFD,M,15
480,250530_25,,,Day5,2,MWM_150,12/19/2025,21.3,2.284,0.107,0,0,,0,0,,10,1.233,0.123,11.3,1.051,0.093,2.196,16.2,1,0.187,0.187,HFD,M,13
481,250530_26,,,Day5,2,MWM_150,12/19/2025,29.9,2.339,0.078,0,0,,0,0,,16.7,1.052,0.063,13.2,1.287,0.098,2.302,24.8,0,0,,HFD,M,13
482,250530_27,,,Day5,2,MWM_150,12/19/2025,60,8.835,0.147,12.9,2.105,0.163,13,1.972,0.152,19.2,2.489,0.13,14.5,2.269,0.157,,,11.6,0.77,0.067,HFD,F,11
483,250530_28,,,Day5,2,MWM_150,12/19/2025,60,11.626,0.194,8.3,1.861,0.224,8.8,1.87,0.213,24.3,4.696,0.194,18.6,3.199,0.172,,,4.8,0.926,0.191,HFD,F,11
484,250530_29,,,Day5,2,MWM_150,12/19/2025,20.5,1.718,0.084,2.2,0.303,0.136,0,0,,11.6,1.114,0.096,6.7,0.3,0.045,1.64,15.5,6.8,0.244,0.036,HFD,F,11
485,250530_30,,,Day5,2,MWM_150,12/19/2025,60,10.716,0.179,3.3,0.68,0.208,19.8,3.297,0.167,17.4,2.962,0.171,19.6,3.777,0.193,,,8.2,0.852,0.104,HFD,F,11
486,250530_31,,,Day5,2,MWM_150,12/19/2025,60,10.199,0.17,19.5,3.338,0.171,11.3,2.217,0.196,18,2.83,0.157,10.9,1.767,0.162,,,23,3.793,0.165,HFD,F,11
487,250530_1,,,Day5,3,MWM_150,12/19/2025,5.4,0,0,0,0,,0,0,,0,0,,5.4,0,0,0,0,0,0,,HFD,M,12
488,250530_2,,,Day5,3,MWM_150,12/19/2025,12.8,1.194,0.094,0,0,,5.9,0.959,0.161,0,0,,6.8,0.236,0.035,1.153,7.7,0,0,,HFD,M,12
489,250530_3,,,Day5,3,MWM_150,12/19/2025,7.8,0.473,0.061,0,0,,1.5,0.219,0.144,0,0,,6.2,0.254,0.041,0.434,2.7,0,0,,HFD,M,11
490,250530_4,,,Day5,3,MWM_150,12/19/2025,43.7,6.988,0.16,11.4,2.211,0.195,5.9,1.041,0.176,13.6,2.475,0.182,12.8,1.261,0.098,6.988,38.6,1.6,0.178,0.114,HFD,M,11
491,250530_5,,,Day5,3,MWM_150,12/19/2025,9.7,0.826,0.085,0,0,,3.2,0.568,0.176,0,0,,6.5,0.258,0.04,0.783,4.7,0,0,,HFD,M,11
492,250530_6,,,Day5,3,MWM_150,12/19/2025,46.2,7.756,0.168,11.3,1.891,0.167,11.1,2.46,0.222,12.1,2.125,0.176,11.7,1.28,0.109,7.719,41.2,2.2,0.541,0.25,HFD,M,11
493,250530_8,,,Day5,3,MWM_150,12/19/2025,12.7,1.046,0.083,0,0,,4.8,0.663,0.139,0,0,,7.9,0.383,0.049,1.046,7.6,0.9,0.076,0.084,HFD,F,12
494,250530_9,,,Day5,3,MWM_150,12/19/2025,8.4,0.494,0.059,0,0,,2.1,0.296,0.142,0,0,,6.3,0.198,0.031,0.494,3.3,0,0,,HFD,F,12
495,250530_11,,,Day5,3,MWM_150,12/19/2025,53.3,6.444,0.121,23.2,3.28,0.141,11.6,1.374,0.119,7.3,0.938,0.129,11.2,0.852,0.076,6.37,48.3,8,1.139,0.142,HFD,M,12
496,250530_12,,,Day5,3,MWM_150,12/19/2025,17.2,1.009,0.059,0,0,,9.8,0.698,0.071,0,0,,7.4,0.31,0.042,0.926,12.1,0,0,,HFD,M,12
497,250530_13,,,Day5,3,MWM_150,12/19/2025,8.7,0.285,0.033,0,0,,1.1,0.04,0.035,0,0,,7.6,0.245,0.032,0.245,3.7,0,0,,HFD,M,11
498,250530_14,,,Day5,3,MWM_150,12/19/2025,30.2,2.037,0.067,1.6,0.146,0.089,7.2,0.366,0.051,4.5,0.44,0.097,16.8,1.084,0.064,2.001,25.1,1.3,0.141,0.108,HFD,M,11
499,250530_15,,,Day5,3,MWM_150,12/19/2025,22.6,2.254,0.1,2.2,0.282,0.13,5.6,0.684,0.123,3.4,0.477,0.142,11.5,0.811,0.07,2.22,17.6,0,0,,HFD,F,12
500,250530_16,,,Day5,3,MWM_150,12/19/2025,30.9,3.11,0.101,0,0,,8.1,0.685,0.085,0.8,0.109,0.136,22,2.315,0.105,3.075,25.9,0,0,,HFD,F,12
501,250530_18,,,Day5,3,MWM_150,12/19/2025,11.4,0.766,0.067,0,0,,4.4,0.507,0.115,0,0,,7,0.259,0.037,0.726,6.3,0,0,,HFD,F,12
502,250530_19,,,Day5,3,MWM_150,12/19/2025,36.3,3.691,0.102,2,0.248,0.123,2.8,0.416,0.147,4.2,0.564,0.135,27.3,2.464,0.09,3.657,31.3,0.3,0.043,0.142,HFD,F,11
503,250530_20,,,Day5,3,MWM_150,12/19/2025,18.1,1.54,0.085,0,0,,1.3,0.115,0.088,0.8,0.079,0.098,16,1.347,0.084,1.505,13,0,0,,HFD,F,11
504,250530_21,,,Day5,3,MWM_150,12/19/2025,39.1,4.181,0.107,7,0.763,0.11,2.8,0.331,0.117,10,1.48,0.148,18.2,1.464,0.08,4.181,34.1,21.4,2.492,0.116,HFD,F,11
505,250530_22,,,Day5,3,MWM_150,12/19/2025,6,0.101,0.017,0,0,,0,0,,0,0,,6,0.101,0.017,0.033,0.9,0,0,,HFD,F,8
506,250530_23,,,Day5,3,MWM_150,12/19/2025,20.9,1.387,0.066,0,0,,3.6,0.23,0.064,0,0,,17.3,1.157,0.067,1.341,15.8,0,0,,HFD,M,15
507,250530_25,,,Day5,3,MWM_150,12/19/2025,28,2.465,0.088,3.8,0.507,0.132,14,1.178,0.084,0,0,,10.2,0.78,0.076,2.465,22.9,0,0,,HFD,M,13
508,250530_26,,,Day5,3,MWM_150,12/19/2025,25.7,1.456,0.057,0,0,,14.1,1,0.071,0,0,,11.6,0.456,0.039,1.417,20.6,0,0,,HFD,M,13
509,250530_27,,,Day5,3,MWM_150,12/19/2025,20.3,1.499,0.074,0,0,,10,0.624,0.062,0,0,,10.3,0.875,0.085,1.382,15.3,6.8,0.35,0.052,HFD,F,11
510,250530_28,,,Day5,3,MWM_150,12/19/2025,16.4,1.416,0.086,3.2,0.454,0.143,1.8,0.127,0.07,2.1,0.27,0.128,9.3,0.565,0.061,1.335,11.3,0,0,,HFD,F,11
511,250530_29,,,Day5,3,MWM_150,12/19/2025,60,8.897,0.148,7.7,1.067,0.139,20.6,3.347,0.162,11.7,1.529,0.13,20,2.955,0.148,,,17.2,1.853,0.108,HFD,F,11
512,250530_30,,,Day5,3,MWM_150,12/19/2025,16.8,1.535,0.091,0,0,,8.8,1.174,0.133,0,0,,8,0.361,0.045,1.535,11.8,0,0,,HFD,F,11
513,250530_31,,,Day5,3,MWM_150,12/19/2025,16.2,1.385,0.086,0,0,,6.1,0.676,0.111,0,0,,10.1,0.709,0.07,1.315,11.1,0,0,,HFD,F,11
514,250530_1,,,Day5,4,MWM_150,12/19/2025,13.3,0.946,0.071,0,0,,0,0,,6.6,0.743,0.112,6.7,0.203,0.03,0.908,8.2,0,0,,HFD,M,12
515,250530_2,,,Day5,4,MWM_150,12/19/2025,7.4,0.346,0.047,0,0,,0,0,,1.2,0.137,0.116,6.2,0.209,0.034,0.305,2.3,0,0,,HFD,M,12
516,250530_3,,,Day5,4,MWM_150,12/19/2025,12.4,1.132,0.092,1.1,0.138,0.127,3,0.415,0.14,0.4,0.057,0.155,7.9,0.522,0.066,1.132,7.3,0,0,,HFD,M,11
517,250530_4,,,Day5,4,MWM_150,12/19/2025,33.2,4.96,0.149,10.6,1.743,0.165,0,0,,13.1,2.442,0.187,9.6,0.775,0.081,4.922,28.2,0,0,,HFD,M,11
518,250530_5,,,Day5,4,MWM_150,12/19/2025,22.5,2.772,0.123,0,0,,1.5,0.191,0.125,6.2,0.994,0.16,14.8,1.587,0.107,2.73,17.5,0,0,,HFD,M,11
519,250530_6,,,Day5,4,MWM_150,12/19/2025,9.2,0.546,0.059,0,0,,0,0,,2.6,0.249,0.096,6.6,0.297,0.045,0.508,4.2,0,0,,HFD,M,11
520,250530_8,,,Day5,4,MWM_150,12/19/2025,13.6,0.974,0.072,0,0,,0,0,,1,0.037,0.038,12.6,0.937,0.074,0.974,8.5,0,0,,HFD,F,12
521,250530_9,,,Day5,4,MWM_150,12/19/2025,11.8,0.896,0.076,0,0,,5.2,0.706,0.134,0,0,,6.5,0.19,0.029,0.896,6.7,0,0,,HFD,F,12
522,250530_11,,,Day5,4,MWM_150,12/19/2025,60,7.523,0.125,14.6,2.021,0.138,0,0,,41.5,5.202,0.125,3.6,0.3,0.083,,,17.1,1.636,0.096,HFD,M,12
523,250530_12,,,Day5,4,MWM_150,12/19/2025,22.1,1.89,0.085,7.2,0.53,0.073,0,0,,5.6,0.711,0.127,9.3,0.649,0.07,1.853,17,0,0,,HFD,M,12
524,250530_13,,,Day5,4,MWM_150,12/19/2025,51.1,8.247,0.162,15.4,2.241,0.145,9.1,1.609,0.177,10.3,1.885,0.184,16.2,2.512,0.155,8.247,46,1,0.172,0.166,HFD,M,11
525,250530_14,,,Day5,4,MWM_150,12/19/2025,45.9,4.808,0.105,21,2.198,0.105,10.2,1.241,0.122,6,0.731,0.122,8.8,0.639,0.073,4.774,40.9,0,0,,HFD,M,11
526,250530_15,,,Day5,4,MWM_150,12/19/2025,27.4,3.469,0.127,5,0.886,0.177,0.8,0.174,0.209,10.5,1.463,0.139,11,0.947,0.086,3.469,22.3,0,0,,HFD,F,12
527,250530_16,,,Day5,4,MWM_150,12/19/2025,17,1.241,0.073,4.3,0.23,0.054,0,0,,5.3,0.687,0.13,7.5,0.325,0.043,1.241,12,0,0,,HFD,F,12
528,250530_18,,,Day5,4,MWM_150,12/19/2025,21.8,2.098,0.096,1.4,0.147,0.108,2.1,0.227,0.106,11.4,1.423,0.124,6.9,0.3,0.043,2.06,16.8,0,0,,HFD,F,12
529,250530_19,,,Day5,4,MWM_150,12/19/2025,60,11.037,0.184,10.2,1.764,0.173,12.8,2.542,0.199,20.7,3.685,0.178,16.4,3.047,0.186,,,2,0.343,0.169,HFD,F,11
530,250530_20,,,Day5,4,MWM_150,12/19/2025,13.2,1.007,0.076,1.3,0.118,0.093,0,0,,1.9,0.273,0.144,10.1,0.616,0.061,0.931,8.2,0,0,,HFD,F,11
531,250530_21,,,Day5,4,MWM_150,12/19/2025,60,8.537,0.142,9.1,1.374,0.151,10.8,1.694,0.156,32.2,4.085,0.127,6.5,1.148,0.176,,,21.5,3.194,0.149,HFD,F,11
532,250530_22,,,Day5,4,MWM_150,12/19/2025,8.3,0.59,0.072,0.8,0.08,0.096,0,0,,1.2,0.264,0.22,6.2,0.246,0.04,0.555,3.2,0,0,,HFD,F,8
533,250530_23,,,Day5,4,MWM_150,12/19/2025,14.3,1.248,0.087,0.7,0.053,0.078,0,0,,5.5,0.81,0.147,8.1,0.385,0.048,1.208,9.2,0,0,,HFD,M,15
534,250530_25,,,Day5,4,MWM_150,12/19/2025,12.8,0.746,0.058,0,0,,0,0,,5.8,0.487,0.084,7,0.259,0.037,0.708,7.7,0,0,,HFD,M,13
535,250530_26,,,Day5,4,MWM_150,12/19/2025,57,7.752,0.136,14,1.792,0.128,6.3,1.3,0.206,17.9,2.291,0.128,18.8,2.368,0.126,7.752,51.9,3.4,0.34,0.1,HFD,M,13
536,250530_27,,,Day5,4,MWM_150,12/19/2025,33.1,3.648,0.11,10.5,0.894,0.085,4.5,0.68,0.15,3.7,0.567,0.155,14.3,1.507,0.105,3.57,28,1.5,0.078,0.052,HFD,F,11
537,250530_28,,,Day5,4,MWM_150,12/19/2025,57.3,10.06,0.176,6.8,1.38,0.204,6.1,1.416,0.232,22.2,3.846,0.173,22.2,3.417,0.154,10.022,52.2,4.2,0.808,0.191,HFD,F,11
538,250530_29,,,Day5,4,MWM_150,12/19/2025,14.4,1.558,0.108,1.1,0.134,0.12,0,0,,6.6,1.044,0.159,6.7,0.379,0.056,1.519,9.4,2.1,0.204,0.099,HFD,F,11
539,250530_30,,,Day5,4,MWM_150,12/19/2025,11.6,0.716,0.062,0,0,,0,0,,1.3,0.097,0.077,10.4,0.619,0.06,0.679,6.5,0,0,,HFD,F,11
540,250530_31,,,Day5,4,MWM_150,12/19/2025,60,11.184,0.186,28.6,4.286,0.15,9.3,1.58,0.17,11.2,2.576,0.229,10.4,2.633,0.252,,,26.4,4.323,0.164,HFD,F,11
541,250530_1,,,Probe_D5,1,MWM_150,12/19/2025,60,9.196,0.153,10,1.65,0.165,11.4,1.712,0.151,18,2.44,0.135,20.6,3.394,0.164,2.603,21.3,5.6,0.694,0.123,HFD,M,12
542,250530_2,,,Probe_D5,1,MWM_150,12/19/2025,60,11.594,0.193,8.4,1.813,0.216,8,1.568,0.197,19.5,3.712,0.19,24.1,4.502,0.186,1.055,6.6,0,0,,HFD,M,12
543,250530_3,,,Probe_D5,1,MWM_150,12/19/2025,60,10.18,0.17,4.8,0.864,0.18,24.9,4.35,0.175,4.9,0.903,0.183,25.4,4.064,0.16,3.078,18.2,4,0.494,0.122,HFD,M,11
544,250530_4,,,Probe_D5,1,MWM_150,12/19/2025,60,11.025,0.184,21.4,3.648,0.171,4.8,1.049,0.219,14.2,2.433,0.172,19.7,3.895,0.198,10.923,59.6,11.7,1.664,0.142,HFD,M,11
545,250530_5,,,Probe_D5,1,MWM_150,12/19/2025,60,10.453,0.174,3,0.603,0.199,6.3,1.024,0.162,18.7,3.373,0.181,32,5.453,0.171,2.428,14.5,9.5,0.822,0.087,HFD,M,11
546,250530_6,,,Probe_D5,1,MWM_150,12/19/2025,60,11.037,0.184,11.6,2.419,0.209,13.1,2.353,0.18,13,2.495,0.193,21.7,3.707,0.171,3.28,20.4,5.6,0.956,0.17,HFD,M,11
547,250530_8,,,Probe_D5,1,MWM_150,12/19/2025,60,10.811,0.18,6.1,1.22,0.2,4.4,0.948,0.215,9.6,1.894,0.197,39.9,6.749,0.169,0.979,6.4,5.6,0.744,0.133,HFD,F,12
548,250530_9,,,Probe_D5,1,MWM_150,12/19/2025,60,8.793,0.147,3.9,0.552,0.14,6.7,0.92,0.137,14.7,2.28,0.155,34.7,5.041,0.145,3.641,26.8,0,0,,HFD,F,12
549,250530_11,,,Probe_D5,1,MWM_150,12/19/2025,60,7.731,0.129,21,2.483,0.118,19.3,2.407,0.125,8.3,1.261,0.152,11.4,1.58,0.139,3.084,27.9,11.5,1.025,0.089,HFD,M,12
550,250530_12,,,Probe_D5,1,MWM_150,12/19/2025,60,9.703,0.162,14.9,2.313,0.155,16.5,2.701,0.163,14.8,2.227,0.15,13.7,2.463,0.179,1.315,11.3,2.4,0.329,0.137,HFD,M,12
551,250530_13,,,Probe_D5,1,MWM_150,12/19/2025,60,9.606,0.16,20.9,2.831,0.135,5,0.936,0.187,22.7,3.757,0.165,11.3,2.082,0.184,8.471,54.1,1.2,0.198,0.165,HFD,M,11
552,250530_14,,,Probe_D5,1,MWM_150,12/19/2025,60,6.778,0.113,29.6,2.936,0.099,11.6,1.513,0.13,9.2,1.172,0.127,9.5,1.157,0.122,,,13.7,1.705,0.125,HFD,M,11
553,250530_15,,,Probe_D5,1,MWM_150,12/19/2025,60,10.312,0.172,20.8,3.698,0.178,6.3,1.264,0.202,21.8,3.45,0.158,11.1,1.9,0.171,2.217,16.1,7.8,1.422,0.181,HFD,F,12
554,250530_16,,,Probe_D5,1,MWM_150,12/19/2025,60,9.44,0.157,7.6,1.269,0.168,10.8,1.762,0.163,10.7,1.858,0.173,30.9,4.55,0.147,1.437,12,6.2,0.988,0.16,HFD,F,12
555,250530_18,,,Probe_D5,1,MWM_150,12/19/2025,60,10.597,0.177,4,0.815,0.206,7.1,1.433,0.201,22.4,3.839,0.171,26.5,4.509,0.17,1.509,9.8,3.3,0.597,0.183,HFD,F,12
556,250530_19,,,Probe_D5,1,MWM_150,12/19/2025,60,10.682,0.178,6.5,1.224,0.189,6.6,1.255,0.19,12.2,2.529,0.207,34.7,5.674,0.164,0.428,2.4,6.7,0.891,0.133,HFD,F,11
557,250530_20,,,Probe_D5,1,MWM_150,12/19/2025,60,10.786,0.18,7.6,1.501,0.198,17.3,3.239,0.187,14,2.342,0.167,21.1,3.704,0.176,0.952,7.7,2.8,0.498,0.178,HFD,F,11
558,250530_21,,,Probe_D5,1,MWM_150,12/19/2025,60,6.165,0.103,4.5,0.51,0.114,3.4,0.459,0.136,0.7,0.074,0.099,51.4,5.122,0.1,1.241,10.4,8.8,0.761,0.087,HFD,F,11
559,250530_22,,,Probe_D5,1,MWM_150,12/19/2025,60,11.622,0.194,7.9,1.539,0.194,6.8,1.521,0.225,19.2,3.702,0.193,26.1,4.86,0.186,1.86,10.6,3.1,0.547,0.178,HFD,F,8
560,250530_23,,,Probe_D5,1,MWM_150,12/19/2025,60,10.365,0.173,8.1,1.73,0.214,14,2.018,0.144,10.7,2.065,0.192,27.2,4.552,0.168,1.602,13.4,6.6,0.758,0.116,HFD,M,15
561,250530_25,,,Probe_D5,1,MWM_150,12/19/2025,60,9.398,0.157,2.1,0.388,0.185,3.2,0.491,0.155,27.1,4.149,0.153,27.6,4.371,0.158,1.726,14,10.5,1.003,0.096,HFD,M,13
562,250530_26,,,Probe_D5,1,MWM_150,12/19/2025,60,8.867,0.148,17.6,2.834,0.161,4,0.929,0.23,22.5,2.794,0.124,15.9,2.309,0.146,7.161,52,1.1,0.133,0.121,HFD,M,13
563,250530_27,,,Probe_D5,1,MWM_150,12/19/2025,60,9.391,0.157,9.2,1.278,0.139,14.1,2.246,0.159,23.9,3.777,0.158,12.9,2.09,0.162,,,5.2,0.581,0.113,HFD,F,11
564,250530_28,,,Probe_D5,1,MWM_150,12/19/2025,60,11.551,0.193,6.6,1.431,0.217,5.5,1.297,0.236,24.3,4.53,0.186,23.6,4.293,0.182,,,19.9,3.948,0.199,HFD,F,11
565,250530_29,,,Probe_D5,1,MWM_150,12/19/2025,60,9.85,0.164,1.6,0.278,0.17,12.8,1.643,0.129,29.9,5.081,0.17,15.7,2.849,0.182,7.347,43.4,18,1.385,0.077,HFD,F,11
566,250530_30,,,Probe_D5,1,MWM_150,12/19/2025,60,9.968,0.166,0,0,,14,2.38,0.17,22.3,3.813,0.171,23.7,3.775,0.16,1.487,13,6.3,0.816,0.129,HFD,F,11
567,250530_31,,,Probe_D5,1,MWM_150,12/19/2025,60,13.443,0.224,16,3.297,0.206,13.9,2.817,0.202,13.9,3.7,0.266,15.5,3.489,0.225,4.817,23,7.7,1.517,0.196,HFD,F,11
568,250530_1,,,Probe_D8,1,MWM_150,12/22/2025,60,10.705,0.178,16.4,2.791,0.17,14.5,2.786,0.192,14.3,2.524,0.176,14.7,2.604,0.178,1.921,10.9,4.2,0.613,0.147,HFD,M,12
569,250530_2,,,Probe_D8,1,MWM_150,12/22/2025,60,11.645,0.194,7.6,1.477,0.194,10.7,2.115,0.198,15,3.014,0.201,26.6,5.039,0.189,1.181,7.6,2.8,0.159,0.058,HFD,M,12
570,250530_3,,,Probe_D8,1,MWM_150,12/22/2025,60,11.569,0.193,10.4,2.203,0.211,11.8,2.224,0.189,23.2,4.5,0.194,14.6,2.642,0.181,,,14.7,2.339,0.159,HFD,M,11
571,250530_4,,,Probe_D8,1,MWM_150,12/22/2025,60,11.586,0.193,15.8,3.18,0.201,11.3,2.112,0.187,12.8,2.396,0.187,17.3,3.543,0.204,4.898,25.1,7.9,1.068,0.136,HFD,M,11
572,250530_5,,,Probe_D8,1,MWM_150,12/22/2025,60,12.078,0.201,16,3.333,0.208,7.3,1.503,0.205,16.1,3.07,0.19,20.5,4.172,0.203,6.801,32.6,7,0.866,0.124,HFD,M,11
573,250530_6,,,Probe_D8,1,MWM_150,12/22/2025,60,13.684,0.228,7,1.368,0.195,16.4,3.705,0.226,13.9,3.024,0.217,22.7,5.588,0.246,12.226,53.9,4.8,0.723,0.152,HFD,M,11
574,250530_8,,,Probe_D8,1,MWM_150,12/22/2025,60,11.641,0.194,2.7,0.641,0.237,5.9,1.255,0.213,30,5.676,0.189,21.4,4.07,0.19,2.512,16.4,13.8,2.5,0.182,HFD,F,12
575,250530_9,,,Probe_D8,1,MWM_150,12/22/2025,60,10.078,0.168,9.7,1.471,0.152,4.9,0.713,0.146,23.7,4.262,0.18,21.7,3.631,0.167,1.338,8.8,0,0,,HFD,F,12
576,250530_11,,,Probe_D8,1,MWM_150,12/22/2025,60,9.403,0.157,14.5,2.077,0.144,17.5,2.965,0.169,10.6,1.856,0.176,14.6,2.141,0.146,,,34.2,4.867,0.142,HFD,M,12
577,250530_12,,,Probe_D8,1,MWM_150,12/22/2025,60,9.803,0.163,12.7,1.868,0.147,12,1.988,0.165,13.7,2.436,0.177,21.3,3.511,0.165,1.318,11.4,4.7,0.763,0.164,HFD,M,12
578,250530_13,,,Probe_D8,1,MWM_150,12/22/2025,60,10.979,0.183,22.4,3.706,0.165,4.5,0.982,0.218,25.2,4.813,0.191,6.8,1.378,0.204,,,12.4,2.527,0.204,HFD,M,11
579,250530_14,,,Probe_D8,1,MWM_150,12/22/2025,60,8.357,0.139,18.2,1.999,0.11,18.9,2.952,0.156,7.9,1.201,0.152,15,2.206,0.147,6.586,47.7,6,0.949,0.159,HFD,M,11
580,250530_15,,,Probe_D8,1,MWM_150,12/22/2025,60,10.1,0.168,28.2,4.779,0.169,14.4,2.635,0.183,10,1.469,0.146,6.7,1.178,0.176,,,14.8,2.352,0.159,HFD,F,12
581,250530_16,,,Probe_D8,1,MWM_150,12/22/2025,60,8.916,0.149,8.4,1.261,0.15,11.1,1.616,0.146,18.9,2.725,0.144,21.7,3.315,0.153,4.675,32.8,6.2,0.517,0.083,HFD,F,12
582,250530_18,,,Probe_D8,1,MWM_150,12/22/2025,60,10.211,0.17,15.9,2.614,0.165,10.8,1.908,0.177,16,2.784,0.174,16.5,2.858,0.173,7.029,40.9,7,1.495,0.214,HFD,F,12
583,250530_19,,,Probe_D8,1,MWM_150,12/22/2025,60,10.86,0.181,12.6,2.07,0.164,8.5,1.864,0.22,13,2.534,0.195,25.9,4.391,0.169,,,3.6,0.341,0.095,HFD,F,11
584,250530_20,,,Probe_D8,1,MWM_150,12/22/2025,60,11.692,0.195,9,1.906,0.212,15.7,2.528,0.162,14.8,2.783,0.188,20.5,4.475,0.218,2.864,17.7,1.6,0.389,0.248,HFD,F,11
585,250530_21,,,Probe_D8,1,MWM_150,12/22/2025,60,6.921,0.115,28.7,2.877,0.1,0.9,0.109,0.126,12.8,1.959,0.153,17.6,1.977,0.112,1.646,17.4,8.7,1.116,0.128,HFD,F,11
586,250530_22,,,Probe_D8,1,MWM_150,12/22/2025,60,12.122,0.202,11.1,2.23,0.201,15.9,3.16,0.199,14.7,2.915,0.199,18.4,3.817,0.208,1.686,10.1,5.5,1.175,0.212,HFD,F,8
587,250530_23,,,Probe_D8,1,MWM_150,12/22/2025,60,10.796,0.18,8.6,1.352,0.156,9.7,1.489,0.154,22,4.136,0.188,19.7,3.82,0.194,,,18.8,3.299,0.175,HFD,M,15
588,250530_25,,,Probe_D8,1,MWM_150,12/22/2025,60,9.572,0.16,4,0.677,0.171,20.6,3.138,0.153,16.5,2.835,0.172,19,2.922,0.154,,,10.7,1.163,0.109,HFD,M,13
589,250530_26,,,Probe_D8,1,MWM_150,12/22/2025,60,10.982,0.183,14.5,2.219,0.153,12.9,2.738,0.213,16.7,2.878,0.172,15.8,3.146,0.199,0.745,9.7,8.8,1.685,0.191,HFD,M,13
590,250530_27,,,Probe_D8,1,MWM_150,12/22/2025,60,10.565,0.176,21.4,3.512,0.164,13.3,2.076,0.156,9.3,2.044,0.221,16.1,2.933,0.183,1.085,13,14.1,2.26,0.16,HFD,F,11
591,250530_28,,,Probe_D8,1,MWM_150,12/22/2025,60,12.413,0.207,10.4,2.21,0.212,6.1,1.593,0.261,24.7,4.788,0.194,18.2,3.665,0.202,,,12.6,2.638,0.21,HFD,F,11
592,250530_29,,,Probe_D8,1,MWM_150,12/22/2025,60,9.444,0.157,5.4,1.019,0.189,7.7,1.49,0.194,22.7,3.457,0.152,24.2,3.478,0.144,,,21.8,2.059,0.094,HFD,F,11
593,250530_30,,,Probe_D8,1,MWM_150,12/22/2025,60,8.678,0.145,3.5,0.405,0.117,23.1,3.189,0.138,6.2,0.943,0.153,27.3,4.141,0.152,,,17.9,1.76,0.099,HFD,F,11
594,250530_31,,,Probe_D8,1,MWM_150,12/22/2025,60,12.789,0.213,23,5.007,0.217,15.4,3.549,0.231,15.9,2.901,0.183,5.7,1.332,0.234,6.577,33.6,2.1,0.303,0.146,HFD,F,11
