Genotype,Day,mean_pct,sd_pct,n,sem_pct
APOE22HN,0,0.0,0.0,9,0.0
APOE22HN,4,0.0,0.0,9,0.0
APOE22HN,6,-5.203195476780383,3.3995152724680304,9,1.1331717574893434
APOE22HN,8,-9.315324422789558,3.8631461817595136,9,1.2877153939198378
APOE22HN,11,-10.838278878475762,7.850240120919395,9,2.6167467069731316
APOE22HN,13,-16.88152719428355,8.780883385464525,9,2.926961128488175
APOE22HN,15,-17.5549389160956,9.423287091109685,9,3.1410956970365618
APOE22HN,18,-16.116507569542843,11.513295186122761,9,3.8377650620409205
APOE22HN,19,-20.330620257814683,12.818728978293235,9,4.272909659431078
APOE22HN,20,-20.32299685396486,12.359166308168795,9,4.119722102722932
APOE22HN,21,-20.32299685396486,12.359166308168795,9,4.119722102722932
APOE22HN,22,-21.455247028667866,13.279439898069146,9,4.426479966023049
APOE22HN,25,-15.676260830895778,12.206018085084027,9,4.068672695028009
APOE22HN,26,-16.35130840811727,11.593300829446044,9,3.864433609815348
APOE22HN,28,-17.018129062017497,11.699442878514018,9,3.899814292838006
APOE22HN,29,-21.745577873346537,12.006299431556737,9,4.002099810518913
APOE22HN,30,-19.23377126473927,11.351479979139418,9,3.783826659713139
APOE22HN,32,-17.71250031073657,10.497761782678444,9,3.499253927559481
APOE22HN,34,-20.51396450145425,11.874925133446064,9,3.9583083778153547
APOE22HN,36,-19.03686026245501,12.502884210643579,9,4.167628070214526
APOE22HN,39,-16.976810075046334,15.096657477243658,9,5.03221915908122
APOE22HN,41,-18.894472479788313,12.37655380170943,9,4.125517933903144
APOE22HN,43,-20.04674513800847,12.973804544448853,9,4.324601514816284
APOE22HN,46,-16.976810075046334,15.096657477243658,9,5.03221915908122
APOE22HN,48,-18.894472479788313,12.37655380170943,9,4.125517933903144
APOE22HN,50,-20.04674513800847,12.973804544448853,9,4.324601514816284
APOE22HN,53,-15.476835624497644,13.540563264481289,9,4.51352108816043
APOE22HN,55,-15.706501713884816,13.104556824093557,9,4.368185608031186
APOE22HN,57,-15.8917932400295,13.302144236012612,9,4.4340480786708705
APOE22HN,60,-20.344088271282693,13.448259430484237,9,4.482753143494746
APOE22HN,67,-15.299767569045665,9.181026955718528,9,3.0603423185728427
APOE22HN,69,-18.939652196009867,11.165603120276538,9,3.721867706758846
APOE22HN,71,-17.606767531757278,12.39529243026836,8,4.3823976661165185
APOE33HN,0,0.0,0.0,12,0.0
APOE33HN,4,0.0,0.0,12,0.0
APOE33HN,6,-4.9607755407571625,3.832442035921481,12,1.1063307205464523
APOE33HN,8,-7.588268894247673,2.9942666611210105,12,0.8643703314118687
APOE33HN,11,-9.120820641271967,2.6225329742476986,12,0.7570600593202894
APOE33HN,13,-13.849787297569785,3.7256040517980398,12,1.0754892510997793
APOE33HN,15,-16.7439158594897,3.436463571059684,12,0.9920215839058256
APOE33HN,18,-13.57543595568925,3.2130353044239257,12,0.9275233989624624
APOE33HN,19,-16.2920174805661,3.987267181896899,12,1.1510248903995677
APOE33HN,20,-16.021165458459393,4.427907395093073,12,1.2782267632518602
APOE33HN,21,-16.021165458459393,4.427907395093073,12,1.2782267632518602
APOE33HN,22,-17.221826692141562,5.3617918217916545,12,1.547815975825073
APOE33HN,25,-10.584799231971198,10.529291284944803,12,3.0395445788694313
APOE33HN,26,-12.895137799519716,11.809073922814866,12,3.4089860041086766
APOE33HN,28,-14.790277587648838,9.657409238252448,12,2.787853911689715
APOE33HN,29,-19.596602301528065,4.9976529663068305,12,1.4426981427067902
APOE33HN,30,-17.119698618004126,5.885668383754757,12,1.6990461128608394
APOE33HN,32,-15.384980181144714,5.788272215572729,12,1.6709302609018732
APOE33HN,34,-17.639042535154392,5.373218141021054,12,1.5511144700665431
APOE33HN,36,-17.125033132160777,5.1607319178091675,12,1.4897749809813083
APOE33HN,39,-13.476499478929675,5.396020510490094,12,1.557696947142099
APOE33HN,41,-18.062490430013728,6.583543478453799,12,1.900505299753453
APOE33HN,43,-17.99883560164282,5.646416318551664,12,1.6299799907362493
APOE33HN,46,-13.476499478929675,5.396020510490094,12,1.557696947142099
APOE33HN,48,-18.062490430013728,6.583543478453799,12,1.900505299753453
APOE33HN,50,-17.99883560164282,5.646416318551664,12,1.6299799907362493
APOE33HN,53,-17.639492685322338,3.98948031003167,12,1.1516637654617483
APOE33HN,55,-18.09526980872619,3.737116071831477,12,1.0788124850323901
APOE33HN,57,-17.058628724899105,5.329017170897118,12,1.5383547490667946
APOE33HN,60,-17.68701453919006,4.934768644657407,12,1.4245450026907394
APOE33HN,67,-17.655080644871745,10.839206774531398,11,3.268143808745366
APOE33HN,69,-24.342831134270384,9.889683746610629,11,2.9818518438894257
APOE33HN,71,-22.163530833701746,9.609295764231113,11,2.897311686318732
APOE44HN,0,0.0,0.0,8,0.0
APOE44HN,4,0.0,0.0,8,0.0
APOE44HN,6,-0.7978723404255319,1.5830293811549891,8,0.5596854051161183
APOE44HN,8,-5.198133962732713,1.6947371132823443,8,0.5991800525652299
APOE44HN,11,-4.97640201560183,2.3367528496973575,8,0.8261668929889954
APOE44HN,13,-8.32634544764517,2.933004684677931,8,1.0369737508938384
APOE44HN,15,-10.675337260385827,3.658441679507573,8,1.2934544600776534
APOE44HN,18,-8.16357117481655,4.104891499905943,8,1.451298307809255
APOE44HN,19,-12.01164494874023,3.9745007770361434,8,1.4051982256367295
APOE44HN,20,-11.485768702466206,3.6662719965857744,8,1.2962228952300718
APOE44HN,21,-11.485768702466206,3.6662719965857744,8,1.2962228952300718
APOE44HN,22,-12.505870857223771,4.21313572965177,8,1.4895684222480496
APOE44HN,25,-8.408959844118263,5.002007881408223,8,1.768476846246155
APOE44HN,26,-7.378033092793731,5.099758355682004,8,1.8030368578577511
APOE44HN,28,-10.16371138176758,4.319945843711729,8,1.5273315002236023
APOE44HN,29,-12.707329849588174,4.638075400855728,8,1.6398072837998
APOE44HN,30,-13.823355953328202,10.312273347743139,8,3.6459392068192362
APOE44HN,32,-9.4653166817251,5.8220517545256625,8,2.0584061380220664
APOE44HN,34,-12.23121988313362,5.958255828361899,8,2.1065615501394843
APOE44HN,36,-10.243156970868581,6.10208495811221,8,2.1574128266287866
APOE44HN,39,-9.477673738919114,4.26890485873445,8,1.509285786925665
APOE44HN,41,-12.285655310487643,5.326161248925579,8,1.8830823684041438
APOE44HN,43,-12.339768971649175,6.010120672723514,8,2.1248985417161257
APOE44HN,46,-8.92311391776586,4.860483475671787,8,1.71844041274634
APOE44HN,48,-12.285655310487643,5.326161248925579,8,1.8830823684041438
APOE44HN,50,-12.339768971649175,6.010120672723514,8,2.1248985417161257
APOE44HN,53,-11.62948408424241,9.065235943230675,8,3.2050449042572193
APOE44HN,55,-12.949270173628406,9.105897597067829,8,3.219420969838475
APOE44HN,57,-11.386926395888006,9.393459641578247,8,3.321089505681067
APOE44HN,60,-11.160535184442447,10.228065810747799,8,3.6161673466010256
APOE44HN,67,-7.522132123195953,10.898773692816501,8,3.853298392404049
APOE44HN,69,-15.764926739284972,10.330456908209454,8,3.65236806627516
APOE44HN,71,-15.160685319537077,10.185678466368891,8,3.601181157277618
