BadeaID,Cage#,Sex,Genotype,Lifestyle,Diet,Weight,DOB,Age_Months,GLP_1Start,GLP_1End,Age_End,Age_Months_current,Years,Days,Age_Months_Start,Ear_Marks,Group,,
250530_1,1725977,male,APOE22HN,Sedentary,HFD+GLP1,37,12/5/2024,15.87,10/1/2025,12/1/2025,11.87,15.87,0.580555556,209,6.966666667,L,HFD&GLP_1,,
250530_2,1725977,male,APOE22HN,Sedentary,HFD+GLP1,44,12/5/2024,15.87,10/1/2025,12/1/2025,11.87,15.87,0.580555556,209,6.966666667,R,HFD&GLP_1,,
250530_3,1725971,male,APOE22HN,Sedentary,HFD+GLP1,42,1/22/2025,14.30,10/1/2025,12/1/2025,10.30,14.30,0.447222222,161,5.366666667,L,HFD&GLP_1,,
250530_4,1725971,male,APOE22HN,Sedentary,HFD+GLP1,47,1/22/2025,14.30,10/1/2025,12/1/2025,10.30,14.30,0.447222222,161,5.366666667,R,HFD&GLP_1,,
250530_5,1725971,male,APOE22HN,Sedentary,HFD+GLP1,52,1/22/2025,14.30,10/1/2025,12/1/2025,10.30,14.30,0.447222222,161,5.366666667,LR,HFD&GLP_1,,
250530_6,1725971,male,APOE22HN,Sedentary,HFD+GLP1,44,1/22/2025,14.30,10/1/2025,12/1/2025,10.30,14.30,0.447222222,161,5.366666667,LL,HFD&GLP_1,,
250530_8,1725970,female,APOE22HN,Sedentary,HFD+GLP1,31,12/5/2024,15.87,10/1/2025,12/1/2025,11.87,15.87,0.580555556,209,6.966666667,R,HFD&GLP_1,,
250530_9,1725970,female,APOE22HN,Sedentary,HFD+GLP1,38,12/5/2024,15.87,10/1/2025,12/1/2025,11.87,15.87,0.580555556,209,6.966666667,LR,HFD&GLP_1,,
250530_10,1725970,female,APOE22HN,Sedentary,HFD+GLP1,29,1/22/2025,14.30,10/1/2025,12/1/2025,10.30,14.30,0.447222222,161,5.366666667,RR,HFD&GLP_1,,
250530_11,1725974,male,APOE33HN,Sedentary,HFD+GLP1,34,12/9/2024,15.73,10/1/2025,12/1/2025,11.73,15.73,0.569444444,205,6.833333333,L,HFD&GLP_1,,
250530_12,1725974,male,APOE33HN,Sedentary,HFD+GLP1,35,12/9/2024,15.73,10/1/2025,12/1/2025,11.73,15.73,0.569444444,205,6.833333333,R,HFD&GLP_1,,
250530_13,1725968,male,APOE33HN,Sedentary,HFD+GLP1,35,1/21/2025,14.33,10/1/2025,12/1/2025,10.33,14.33,0.45,162,5.4,L,HFD&GLP_1,,
250530_14,1725968,male,APOE33HN,Sedentary,HFD+GLP1,34,1/21/2025,14.33,10/1/2025,12/1/2025,10.33,14.33,0.45,162,5.4,R,HFD&GLP_1,,
250530_15,1725975,female,APOE33HN,Sedentary,HFD+GLP1,33,12/9/2024,15.73,10/1/2025,12/1/2025,11.73,15.73,0.569444444,205,6.833333333,L,HFD&GLP_1,,
250530_16,1725975,female,APOE33HN,Sedentary,HFD+GLP1,33,12/9/2024,15.73,10/1/2025,12/1/2025,11.73,15.73,0.569444444,205,6.833333333,R,HFD&GLP_1,,
250530_17,1725975,female,APOE33HN,Sedentary,HFD+GLP1,,12/9/2024,15.73,10/1/2025,12/1/2025,11.73,15.73,0.569444444,205,6.833333333,LR,HFD&GLP_1,,
250530_18,1725975,female,APOE33HN,Sedentary,HFD+GLP1,39,12/9/2024,15.73,10/1/2025,12/1/2025,11.73,15.73,0.569444444,205,6.833333333,LL,HFD&GLP_1,,
250530_19,1725969,female,APOE33HN,Sedentary,HFD+GLP1,29,1/21/2025,14.33,10/1/2025,12/1/2025,10.33,14.33,0.45,162,5.4,L,HFD&GLP_1,,
250530_20,1725969,female,APOE33HN,Sedentary,HFD+GLP1,26,1/21/2025,14.33,10/1/2025,12/1/2025,10.33,14.33,0.45,162,5.4,LR,HFD&GLP_1,,
250530_21,1725969,female,APOE33HN,Sedentary,HFD+GLP1,24,1/21/2025,14.33,10/1/2025,12/1/2025,10.33,14.33,0.45,162,5.4,LL,HFD&GLP_1,,
250530_22,1725969,female,APOE33HN,Sedentary,HFD+GLP1,30,4/1/2025,12.00,10/1/2025,12/1/2025,8.00,12.00,0.255555556,92,3.066666667,RR,HFD&GLP_1,,
250530_23,1668533,male,APOE44HN,Sedentary,HFD+GLP1,49,9/20/2024,18.37,10/1/2025,12/1/2025,14.37,18.37,0.791666667,285,9.5,L,HFD&GLP_1,,
250530_25,1668533,male,APOE44HN,Sedentary,HFD+GLP1,53,11/1/2024,17.00,10/1/2025,12/1/2025,13.00,17.00,0.675,243,8.1,LR,HFD&GLP_1,,
250530_26,1668533,male,APOE44HN,Sedentary,HFD+GLP1,38,11/1/2024,17.00,10/1/2025,12/1/2025,13.00,17.00,0.675,243,8.1,LL,HFD&GLP_1,,
250530_27,1725973,female,APOE44HN,Sedentary,HFD+GLP1,39,1/6/2025,14.83,10/1/2025,12/1/2025,10.83,14.83,0.491666667,177,5.9,L,HFD&GLP_1,,
250530_28,1725973,female,APOE44HN,Sedentary,HFD+GLP1,39,1/6/2025,14.83,10/1/2025,12/1/2025,10.83,14.83,0.491666667,177,5.9,R,HFD&GLP_1,,
250530_29,1725973,female,APOE44HN,Sedentary,HFD+GLP1,43,1/6/2025,14.83,10/1/2025,12/1/2025,10.83,14.83,0.491666667,177,5.9,LR,HFD&GLP_1,,
250530_30,1725973,female,APOE44HN,Sedentary,HFD+GLP1,32,1/6/2025,14.83,10/1/2025,12/1/2025,10.83,14.83,0.491666667,177,5.9,LL,HFD&GLP_1,,
250530_31,1725973,female,APOE44HN,Sedentary,HFD+GLP1,35,1/6/2025,14.83,10/1/2025,12/1/2025,10.83,14.83,0.491666667,177,5.9,RR,HFD&GLP_1,,
