Animal_ID,WeightColumn,Weight_g,DateCode,Date,Day
250530_1,AnimalWeight_100225,46.0,100225,2025-10-02,0
250530_1,AnimalWeight_g_100625,46.0,100625,2025-10-06,4
250530_1,AnimalWeight_g_100825,46.0,100825,2025-10-08,6
250530_1,AnimalWeight_g_101025,43.0,101025,2025-10-10,8
250530_1,AnimalWeight_g_101325,44.0,101325,2025-10-13,11
250530_1,AnimalWeight_g_101525,41.0,101525,2025-10-15,13
250530_1,AnimalWeight_g_101725,40.0,101725,2025-10-17,15
250530_1,AnimalWeight_g_102025,42.0,102025,2025-10-20,18
250530_1,AnimalWeight_g_102125,40.0,102125,2025-10-21,19
250530_1,AnimalWeight_g_102225,40.0,102225,2025-10-22,20
250530_1,AnimalWeight_g_102325,40.0,102325,2025-10-23,21
250530_1,AnimalWeight_g_102425,40.0,102425,2025-10-24,22
250530_1,AnimalWeight_g_102725,43.0,102725,2025-10-27,25
250530_1,AnimalWeight_g_102825,42.0,102825,2025-10-28,26
250530_1,AnimalWeight_g_103025,41.0,103025,2025-10-30,28
250530_1,AnimalWeight_g_103125,38.0,103125,2025-10-31,29
250530_1,AnimalWeight_g_110125,40.0,110125,2025-11-01,30
250530_1,AnimalWeight_g_110325,39.0,110325,2025-11-03,32
250530_1,AnimalWeight_g_110525,37.0,110525,2025-11-05,34
250530_1,AnimalWeight_g_110725,39.0,110725,2025-11-07,36
250530_1,AnimalWeight_g_111025,39.0,111025,2025-11-10,39
250530_1,AnimalWeight_g_111225,38.0,111225,2025-11-12,41
250530_1,AnimalWeight_g_111425,37.0,111425,2025-11-14,43
250530_1,AnimalWeight_g_111725,39.0,111725,2025-11-17,46
250530_1,AnimalWeight_g_111925,38.0,111925,2025-11-19,48
250530_1,AnimalWeight_g_112125,37.0,112125,2025-11-21,50
250530_1,AnimalWeight_g_112425,41.0,112425,2025-11-24,53
250530_1,AnimalWeight_g_112625,40.0,112625,2025-11-26,55
250530_1,AnimalWeight_g_112825,39.0,112825,2025-11-28,57
250530_1,AnimalWeight_g_120125,40.0,120125,2025-12-01,60
250530_1,AnimalWeight_g_120825,38.0,120825,2025-12-08,67
250530_1,AnimalWeight_g_121025,37.0,121025,2025-12-10,69
250530_1,AnimalWeight_g_121225,38.0,121225,2025-12-12,71
250530_10,AnimalWeight_100225,50.0,100225,2025-10-02,0
250530_10,AnimalWeight_g_100625,50.0,100625,2025-10-06,4
250530_10,AnimalWeight_g_100825,47.0,100825,2025-10-08,6
250530_10,AnimalWeight_g_101025,44.0,101025,2025-10-10,8
250530_10,AnimalWeight_g_101325,38.0,101325,2025-10-13,11
250530_10,AnimalWeight_g_101525,34.0,101525,2025-10-15,13
250530_10,AnimalWeight_g_101725,32.0,101725,2025-10-17,15
250530_10,AnimalWeight_g_102025,32.0,102025,2025-10-20,18
250530_10,AnimalWeight_g_102125,29.0,102125,2025-10-21,19
250530_10,AnimalWeight_g_102225,29.0,102225,2025-10-22,20
250530_10,AnimalWeight_g_102325,29.0,102325,2025-10-23,21
250530_10,AnimalWeight_g_102425,27.0,102425,2025-10-24,22
250530_10,AnimalWeight_g_102725,31.0,102725,2025-10-27,25
250530_10,AnimalWeight_g_102825,31.0,102825,2025-10-28,26
250530_10,AnimalWeight_g_103025,31.0,103025,2025-10-30,28
250530_10,AnimalWeight_g_103125,28.0,103125,2025-10-31,29
250530_10,AnimalWeight_g_110125,31.0,110125,2025-11-01,30
250530_10,AnimalWeight_g_110325,32.0,110325,2025-11-03,32
250530_10,AnimalWeight_g_110525,31.0,110525,2025-11-05,34
250530_10,AnimalWeight_g_110725,31.0,110725,2025-11-07,36
250530_10,AnimalWeight_g_111025,32.0,111025,2025-11-10,39
250530_10,AnimalWeight_g_111225,34.0,111225,2025-11-12,41
250530_10,AnimalWeight_g_111425,30.0,111425,2025-11-14,43
250530_10,AnimalWeight_g_111725,32.0,111725,2025-11-17,46
250530_10,AnimalWeight_g_111925,34.0,111925,2025-11-19,48
250530_10,AnimalWeight_g_112125,30.0,112125,2025-11-21,50
250530_10,AnimalWeight_g_112425,32.0,112425,2025-11-24,53
250530_10,AnimalWeight_g_112625,32.0,112625,2025-11-26,55
250530_10,AnimalWeight_g_112825,32.0,112825,2025-11-28,57
250530_10,AnimalWeight_g_120125,32.0,120125,2025-12-01,60
250530_10,AnimalWeight_g_120825,38.0,120825,2025-12-08,67
250530_10,AnimalWeight_g_121025,29.0,121025,2025-12-10,69
250530_11,AnimalWeight_100225,47.0,100225,2025-10-02,0
250530_11,AnimalWeight_g_100625,47.0,100625,2025-10-06,4
250530_11,AnimalWeight_g_100825,41.0,100825,2025-10-08,6
250530_11,AnimalWeight_g_101025,41.0,101025,2025-10-10,8
250530_11,AnimalWeight_g_101325,41.0,101325,2025-10-13,11
250530_11,AnimalWeight_g_101525,38.0,101525,2025-10-15,13
250530_11,AnimalWeight_g_101725,37.0,101725,2025-10-17,15
250530_11,AnimalWeight_g_102025,41.0,102025,2025-10-20,18
250530_11,AnimalWeight_g_102125,39.0,102125,2025-10-21,19
250530_11,AnimalWeight_g_102225,38.0,102225,2025-10-22,20
250530_11,AnimalWeight_g_102325,38.0,102325,2025-10-23,21
250530_11,AnimalWeight_g_102425,36.0,102425,2025-10-24,22
250530_11,AnimalWeight_g_102725,40.0,102725,2025-10-27,25
250530_11,AnimalWeight_g_102825,39.0,102825,2025-10-28,26
250530_11,AnimalWeight_g_103025,38.0,103025,2025-10-30,28
250530_11,AnimalWeight_g_103125,37.0,103125,2025-10-31,29
250530_11,AnimalWeight_g_110125,38.0,110125,2025-11-01,30
250530_11,AnimalWeight_g_110325,39.0,110325,2025-11-03,32
250530_11,AnimalWeight_g_110525,39.0,110525,2025-11-05,34
250530_11,AnimalWeight_g_110725,40.0,110725,2025-11-07,36
250530_11,AnimalWeight_g_111025,42.0,111025,2025-11-10,39
250530_11,AnimalWeight_g_111225,38.0,111225,2025-11-12,41
250530_11,AnimalWeight_g_111425,39.0,111425,2025-11-14,43
250530_11,AnimalWeight_g_111725,42.0,111725,2025-11-17,46
250530_11,AnimalWeight_g_111925,38.0,111925,2025-11-19,48
250530_11,AnimalWeight_g_112125,39.0,112125,2025-11-21,50
250530_11,AnimalWeight_g_112425,41.0,112425,2025-11-24,53
250530_11,AnimalWeight_g_112625,41.0,112625,2025-11-26,55
250530_11,AnimalWeight_g_112825,43.0,112825,2025-11-28,57
250530_11,AnimalWeight_g_120125,42.0,120125,2025-12-01,60
250530_11,AnimalWeight_g_120825,39.0,120825,2025-12-08,67
250530_11,AnimalWeight_g_121025,34.0,121025,2025-12-10,69
250530_11,AnimalWeight_g_121225,36.0,121225,2025-12-12,71
250530_12,AnimalWeight_100225,48.0,100225,2025-10-02,0
250530_12,AnimalWeight_g_100625,48.0,100625,2025-10-06,4
250530_12,AnimalWeight_g_100825,44.0,100825,2025-10-08,6
250530_12,AnimalWeight_g_101025,43.0,101025,2025-10-10,8
250530_12,AnimalWeight_g_101325,44.0,101325,2025-10-13,11
250530_12,AnimalWeight_g_101525,42.0,101525,2025-10-15,13
250530_12,AnimalWeight_g_101725,40.0,101725,2025-10-17,15
250530_12,AnimalWeight_g_102025,42.0,102025,2025-10-20,18
250530_12,AnimalWeight_g_102125,42.0,102125,2025-10-21,19
250530_12,AnimalWeight_g_102225,42.0,102225,2025-10-22,20
250530_12,AnimalWeight_g_102325,42.0,102325,2025-10-23,21
250530_12,AnimalWeight_g_102425,39.0,102425,2025-10-24,22
250530_12,AnimalWeight_g_102725,42.0,102725,2025-10-27,25
250530_12,AnimalWeight_g_102825,42.0,102825,2025-10-28,26
250530_12,AnimalWeight_g_103025,40.0,103025,2025-10-30,28
250530_12,AnimalWeight_g_103125,39.0,103125,2025-10-31,29
250530_12,AnimalWeight_g_110125,40.0,110125,2025-11-01,30
250530_12,AnimalWeight_g_110325,41.0,110325,2025-11-03,32
250530_12,AnimalWeight_g_110525,41.0,110525,2025-11-05,34
250530_12,AnimalWeight_g_110725,41.0,110725,2025-11-07,36
250530_12,AnimalWeight_g_111025,45.0,111025,2025-11-10,39
250530_12,AnimalWeight_g_111225,40.0,111225,2025-11-12,41
250530_12,AnimalWeight_g_111425,43.0,111425,2025-11-14,43
250530_12,AnimalWeight_g_111725,45.0,111725,2025-11-17,46
250530_12,AnimalWeight_g_111925,40.0,111925,2025-11-19,48
250530_12,AnimalWeight_g_112125,43.0,112125,2025-11-21,50
250530_12,AnimalWeight_g_112425,42.0,112425,2025-11-24,53
250530_12,AnimalWeight_g_112625,42.0,112625,2025-11-26,55
250530_12,AnimalWeight_g_112825,42.0,112825,2025-11-28,57
250530_12,AnimalWeight_g_120125,42.0,120125,2025-12-01,60
250530_12,AnimalWeight_g_120825,38.0,120825,2025-12-08,67
250530_12,AnimalWeight_g_121025,35.0,121025,2025-12-10,69
250530_12,AnimalWeight_g_121225,37.0,121225,2025-12-12,71
250530_13,AnimalWeight_100225,49.0,100225,2025-10-02,0
250530_13,AnimalWeight_g_100625,49.0,100625,2025-10-06,4
250530_13,AnimalWeight_g_100825,45.0,100825,2025-10-08,6
250530_13,AnimalWeight_g_101025,43.0,101025,2025-10-10,8
250530_13,AnimalWeight_g_101325,42.0,101325,2025-10-13,11
250530_13,AnimalWeight_g_101525,38.0,101525,2025-10-15,13
250530_13,AnimalWeight_g_101725,38.0,101725,2025-10-17,15
250530_13,AnimalWeight_g_102025,39.0,102025,2025-10-20,18
250530_13,AnimalWeight_g_102125,37.0,102125,2025-10-21,19
250530_13,AnimalWeight_g_102225,38.0,102225,2025-10-22,20
250530_13,AnimalWeight_g_102325,38.0,102325,2025-10-23,21
250530_13,AnimalWeight_g_102425,37.0,102425,2025-10-24,22
250530_13,AnimalWeight_g_102725,40.0,102725,2025-10-27,25
250530_13,AnimalWeight_g_102825,40.0,102825,2025-10-28,26
250530_13,AnimalWeight_g_103025,38.0,103025,2025-10-30,28
250530_13,AnimalWeight_g_103125,36.0,103125,2025-10-31,29
250530_13,AnimalWeight_g_110125,37.0,110125,2025-11-01,30
250530_13,AnimalWeight_g_110325,38.0,110325,2025-11-03,32
250530_13,AnimalWeight_g_110525,36.0,110525,2025-11-05,34
250530_13,AnimalWeight_g_110725,36.0,110725,2025-11-07,36
250530_13,AnimalWeight_g_111025,38.0,111025,2025-11-10,39
250530_13,AnimalWeight_g_111225,36.0,111225,2025-11-12,41
250530_13,AnimalWeight_g_111425,36.0,111425,2025-11-14,43
250530_13,AnimalWeight_g_111725,38.0,111725,2025-11-17,46
250530_13,AnimalWeight_g_111925,36.0,111925,2025-11-19,48
250530_13,AnimalWeight_g_112125,36.0,112125,2025-11-21,50
250530_13,AnimalWeight_g_112425,40.0,112425,2025-11-24,53
250530_13,AnimalWeight_g_112625,39.0,112625,2025-11-26,55
250530_13,AnimalWeight_g_112825,39.0,112825,2025-11-28,57
250530_13,AnimalWeight_g_120125,40.0,120125,2025-12-01,60
250530_13,AnimalWeight_g_120825,36.0,120825,2025-12-08,67
250530_13,AnimalWeight_g_121025,35.0,121025,2025-12-10,69
250530_13,AnimalWeight_g_121225,38.0,121225,2025-12-12,71
250530_14,AnimalWeight_100225,47.0,100225,2025-10-02,0
250530_14,AnimalWeight_g_100625,47.0,100625,2025-10-06,4
250530_14,AnimalWeight_g_100825,45.0,100825,2025-10-08,6
250530_14,AnimalWeight_g_101025,44.0,101025,2025-10-10,8
250530_14,AnimalWeight_g_101325,44.0,101325,2025-10-13,11
250530_14,AnimalWeight_g_101525,41.0,101525,2025-10-15,13
250530_14,AnimalWeight_g_101725,42.0,101725,2025-10-17,15
250530_14,AnimalWeight_g_102025,42.0,102025,2025-10-20,18
250530_14,AnimalWeight_g_102125,39.0,102125,2025-10-21,19
250530_14,AnimalWeight_g_102225,37.0,102225,2025-10-22,20
250530_14,AnimalWeight_g_102325,37.0,102325,2025-10-23,21
250530_14,AnimalWeight_g_102425,38.0,102425,2025-10-24,22
250530_14,AnimalWeight_g_102725,37.0,102725,2025-10-27,25
250530_14,AnimalWeight_g_102825,36.0,102825,2025-10-28,26
250530_14,AnimalWeight_g_103025,36.0,103025,2025-10-30,28
250530_14,AnimalWeight_g_103125,34.0,103125,2025-10-31,29
250530_14,AnimalWeight_g_110125,34.0,110125,2025-11-01,30
250530_14,AnimalWeight_g_110325,35.0,110325,2025-11-03,32
250530_14,AnimalWeight_g_110525,35.0,110525,2025-11-05,34
250530_14,AnimalWeight_g_110725,35.0,110725,2025-11-07,36
250530_14,AnimalWeight_g_111025,37.0,111025,2025-11-10,39
250530_14,AnimalWeight_g_111225,35.0,111225,2025-11-12,41
250530_14,AnimalWeight_g_111425,36.0,111425,2025-11-14,43
250530_14,AnimalWeight_g_111725,37.0,111725,2025-11-17,46
250530_14,AnimalWeight_g_111925,35.0,111925,2025-11-19,48
250530_14,AnimalWeight_g_112125,36.0,112125,2025-11-21,50
250530_14,AnimalWeight_g_112425,37.0,112425,2025-11-24,53
250530_14,AnimalWeight_g_112625,37.0,112625,2025-11-26,55
250530_14,AnimalWeight_g_112825,37.0,112825,2025-11-28,57
250530_14,AnimalWeight_g_120125,37.0,120125,2025-12-01,60
250530_14,AnimalWeight_g_120825,34.0,120825,2025-12-08,67
250530_14,AnimalWeight_g_121025,34.0,121025,2025-12-10,69
250530_14,AnimalWeight_g_121225,36.0,121225,2025-12-12,71
250530_15,AnimalWeight_100225,43.0,100225,2025-10-02,0
250530_15,AnimalWeight_g_100625,43.0,100625,2025-10-06,4
250530_15,AnimalWeight_g_100825,41.0,100825,2025-10-08,6
250530_15,AnimalWeight_g_101025,40.0,101025,2025-10-10,8
250530_15,AnimalWeight_g_101325,39.0,101325,2025-10-13,11
250530_15,AnimalWeight_g_101525,37.0,101525,2025-10-15,13
250530_15,AnimalWeight_g_101725,36.0,101725,2025-10-17,15
250530_15,AnimalWeight_g_102025,38.0,102025,2025-10-20,18
250530_15,AnimalWeight_g_102125,36.0,102125,2025-10-21,19
250530_15,AnimalWeight_g_102225,37.0,102225,2025-10-22,20
250530_15,AnimalWeight_g_102325,37.0,102325,2025-10-23,21
250530_15,AnimalWeight_g_102425,36.0,102425,2025-10-24,22
250530_15,AnimalWeight_g_102725,38.0,102725,2025-10-27,25
250530_15,AnimalWeight_g_102825,36.0,102825,2025-10-28,26
250530_15,AnimalWeight_g_103025,36.0,103025,2025-10-30,28
250530_15,AnimalWeight_g_103125,34.0,103125,2025-10-31,29
250530_15,AnimalWeight_g_110125,36.0,110125,2025-11-01,30
250530_15,AnimalWeight_g_110325,37.0,110325,2025-11-03,32
250530_15,AnimalWeight_g_110525,36.0,110525,2025-11-05,34
250530_15,AnimalWeight_g_110725,36.0,110725,2025-11-07,36
250530_15,AnimalWeight_g_111025,37.0,111025,2025-11-10,39
250530_15,AnimalWeight_g_111225,36.0,111225,2025-11-12,41
250530_15,AnimalWeight_g_111425,35.0,111425,2025-11-14,43
250530_15,AnimalWeight_g_111725,37.0,111725,2025-11-17,46
250530_15,AnimalWeight_g_111925,36.0,111925,2025-11-19,48
250530_15,AnimalWeight_g_112125,35.0,112125,2025-11-21,50
250530_15,AnimalWeight_g_112425,35.0,112425,2025-11-24,53
250530_15,AnimalWeight_g_112625,35.0,112625,2025-11-26,55
250530_15,AnimalWeight_g_112825,35.0,112825,2025-11-28,57
250530_15,AnimalWeight_g_120125,35.0,120125,2025-12-01,60
250530_15,AnimalWeight_g_120825,36.0,120825,2025-12-08,67
250530_15,AnimalWeight_g_121025,33.0,121025,2025-12-10,69
250530_15,AnimalWeight_g_121225,31.0,121225,2025-12-12,71
250530_16,AnimalWeight_100225,39.0,100225,2025-10-02,0
250530_16,AnimalWeight_g_100625,39.0,100625,2025-10-06,4
250530_16,AnimalWeight_g_100825,37.0,100825,2025-10-08,6
250530_16,AnimalWeight_g_101025,36.0,101025,2025-10-10,8
250530_16,AnimalWeight_g_101325,36.0,101325,2025-10-13,11
250530_16,AnimalWeight_g_101525,34.0,101525,2025-10-15,13
250530_16,AnimalWeight_g_101725,33.0,101725,2025-10-17,15
250530_16,AnimalWeight_g_102025,34.0,102025,2025-10-20,18
250530_16,AnimalWeight_g_102125,33.0,102125,2025-10-21,19
250530_16,AnimalWeight_g_102225,34.0,102225,2025-10-22,20
250530_16,AnimalWeight_g_102325,34.0,102325,2025-10-23,21
250530_16,AnimalWeight_g_102425,33.0,102425,2025-10-24,22
250530_16,AnimalWeight_g_102725,36.0,102725,2025-10-27,25
250530_16,AnimalWeight_g_102825,34.0,102825,2025-10-28,26
250530_16,AnimalWeight_g_103025,34.0,103025,2025-10-30,28
250530_16,AnimalWeight_g_103125,32.0,103125,2025-10-31,29
250530_16,AnimalWeight_g_110125,34.0,110125,2025-11-01,30
250530_16,AnimalWeight_g_110325,35.0,110325,2025-11-03,32
250530_16,AnimalWeight_g_110525,33.0,110525,2025-11-05,34
250530_16,AnimalWeight_g_110725,32.0,110725,2025-11-07,36
250530_16,AnimalWeight_g_111025,35.0,111025,2025-11-10,39
250530_16,AnimalWeight_g_111225,35.0,111225,2025-11-12,41
250530_16,AnimalWeight_g_111425,33.0,111425,2025-11-14,43
250530_16,AnimalWeight_g_111725,35.0,111725,2025-11-17,46
250530_16,AnimalWeight_g_111925,35.0,111925,2025-11-19,48
250530_16,AnimalWeight_g_112125,33.0,112125,2025-11-21,50
250530_16,AnimalWeight_g_112425,33.0,112425,2025-11-24,53
250530_16,AnimalWeight_g_112625,33.0,112625,2025-11-26,55
250530_16,AnimalWeight_g_112825,35.0,112825,2025-11-28,57
250530_16,AnimalWeight_g_120125,33.0,120125,2025-12-01,60
250530_16,AnimalWeight_g_120825,34.0,120825,2025-12-08,67
250530_16,AnimalWeight_g_121025,33.0,121025,2025-12-10,69
250530_16,AnimalWeight_g_121225,30.0,121225,2025-12-12,71
250530_17,AnimalWeight_100225,40.0,100225,2025-10-02,0
250530_17,AnimalWeight_g_100625,40.0,100625,2025-10-06,4
250530_17,AnimalWeight_g_100825,38.0,100825,2025-10-08,6
250530_17,AnimalWeight_g_101025,38.0,101025,2025-10-10,8
250530_17,AnimalWeight_g_101325,37.0,101325,2025-10-13,11
250530_17,AnimalWeight_g_101525,35.0,101525,2025-10-15,13
250530_17,AnimalWeight_g_101725,33.0,101725,2025-10-17,15
250530_17,AnimalWeight_g_102025,34.0,102025,2025-10-20,18
250530_17,AnimalWeight_g_102125,33.0,102125,2025-10-21,19
250530_17,AnimalWeight_g_102225,33.0,102225,2025-10-22,20
250530_17,AnimalWeight_g_102325,33.0,102325,2025-10-23,21
250530_17,AnimalWeight_g_102425,33.0,102425,2025-10-24,22
250530_17,AnimalWeight_g_102725,34.0,102725,2025-10-27,25
250530_17,AnimalWeight_g_102825,32.0,102825,2025-10-28,26
250530_17,AnimalWeight_g_103025,33.0,103025,2025-10-30,28
250530_17,AnimalWeight_g_103125,31.0,103125,2025-10-31,29
250530_17,AnimalWeight_g_110125,32.0,110125,2025-11-01,30
250530_17,AnimalWeight_g_110325,33.0,110325,2025-11-03,32
250530_17,AnimalWeight_g_110525,32.0,110525,2025-11-05,34
250530_17,AnimalWeight_g_110725,34.0,110725,2025-11-07,36
250530_17,AnimalWeight_g_111025,33.0,111025,2025-11-10,39
250530_17,AnimalWeight_g_111225,31.0,111225,2025-11-12,41
250530_17,AnimalWeight_g_111425,31.0,111425,2025-11-14,43
250530_17,AnimalWeight_g_111725,33.0,111725,2025-11-17,46
250530_17,AnimalWeight_g_111925,31.0,111925,2025-11-19,48
250530_17,AnimalWeight_g_112125,31.0,112125,2025-11-21,50
250530_17,AnimalWeight_g_112425,32.0,112425,2025-11-24,53
250530_17,AnimalWeight_g_112625,33.0,112625,2025-11-26,55
250530_17,AnimalWeight_g_112825,31.0,112825,2025-11-28,57
250530_17,AnimalWeight_g_120125,31.0,120125,2025-12-01,60
250530_18,AnimalWeight_100225,47.0,100225,2025-10-02,0
250530_18,AnimalWeight_g_100625,47.0,100625,2025-10-06,4
250530_18,AnimalWeight_g_100825,45.0,100825,2025-10-08,6
250530_18,AnimalWeight_g_101025,44.0,101025,2025-10-10,8
250530_18,AnimalWeight_g_101325,43.0,101325,2025-10-13,11
250530_18,AnimalWeight_g_101525,41.0,101525,2025-10-15,13
250530_18,AnimalWeight_g_101725,40.0,101725,2025-10-17,15
250530_18,AnimalWeight_g_102025,40.0,102025,2025-10-20,18
250530_18,AnimalWeight_g_102125,41.0,102125,2025-10-21,19
250530_18,AnimalWeight_g_102225,41.0,102225,2025-10-22,20
250530_18,AnimalWeight_g_102325,41.0,102325,2025-10-23,21
250530_18,AnimalWeight_g_102425,41.0,102425,2025-10-24,22
250530_18,AnimalWeight_g_102725,42.0,102725,2025-10-27,25
250530_18,AnimalWeight_g_102825,40.0,102825,2025-10-28,26
250530_18,AnimalWeight_g_103025,40.0,103025,2025-10-30,28
250530_18,AnimalWeight_g_103125,39.0,103125,2025-10-31,29
250530_18,AnimalWeight_g_110125,39.0,110125,2025-11-01,30
250530_18,AnimalWeight_g_110325,40.0,110325,2025-11-03,32
250530_18,AnimalWeight_g_110525,39.0,110525,2025-11-05,34
250530_18,AnimalWeight_g_110725,40.0,110725,2025-11-07,36
250530_18,AnimalWeight_g_111025,41.0,111025,2025-11-10,39
250530_18,AnimalWeight_g_111225,40.0,111225,2025-11-12,41
250530_18,AnimalWeight_g_111425,39.0,111425,2025-11-14,43
250530_18,AnimalWeight_g_111725,41.0,111725,2025-11-17,46
250530_18,AnimalWeight_g_111925,40.0,111925,2025-11-19,48
250530_18,AnimalWeight_g_112125,39.0,112125,2025-11-21,50
250530_18,AnimalWeight_g_112425,39.0,112425,2025-11-24,53
250530_18,AnimalWeight_g_112625,39.0,112625,2025-11-26,55
250530_18,AnimalWeight_g_112825,40.0,112825,2025-11-28,57
250530_18,AnimalWeight_g_120125,40.0,120125,2025-12-01,60
250530_18,AnimalWeight_g_120825,41.0,120825,2025-12-08,67
250530_18,AnimalWeight_g_121025,39.0,121025,2025-12-10,69
250530_18,AnimalWeight_g_121225,37.0,121225,2025-12-12,71
250530_19,AnimalWeight_100225,31.0,100225,2025-10-02,0
250530_19,AnimalWeight_g_100625,31.0,100625,2025-10-06,4
250530_19,AnimalWeight_g_100825,31.0,100825,2025-10-08,6
250530_19,AnimalWeight_g_101025,30.0,101025,2025-10-10,8
250530_19,AnimalWeight_g_101325,28.0,101325,2025-10-13,11
250530_19,AnimalWeight_g_101525,28.0,101525,2025-10-15,13
250530_19,AnimalWeight_g_101725,27.0,101725,2025-10-17,15
250530_19,AnimalWeight_g_102025,28.0,102025,2025-10-20,18
250530_19,AnimalWeight_g_102125,28.0,102125,2025-10-21,19
250530_19,AnimalWeight_g_102225,28.0,102225,2025-10-22,20
250530_19,AnimalWeight_g_102325,28.0,102325,2025-10-23,21
250530_19,AnimalWeight_g_102425,29.0,102425,2025-10-24,22
250530_19,AnimalWeight_g_102725,36.0,102725,2025-10-27,25
250530_19,AnimalWeight_g_102825,37.0,102825,2025-10-28,26
250530_19,AnimalWeight_g_103025,35.0,103025,2025-10-30,28
250530_19,AnimalWeight_g_103125,28.0,103125,2025-10-31,29
250530_19,AnimalWeight_g_110125,29.0,110125,2025-11-01,30
250530_19,AnimalWeight_g_110325,30.0,110325,2025-11-03,32
250530_19,AnimalWeight_g_110525,29.0,110525,2025-11-05,34
250530_19,AnimalWeight_g_110725,28.0,110725,2025-11-07,36
250530_19,AnimalWeight_g_111025,29.0,111025,2025-11-10,39
250530_19,AnimalWeight_g_111225,27.0,111225,2025-11-12,41
250530_19,AnimalWeight_g_111425,28.0,111425,2025-11-14,43
250530_19,AnimalWeight_g_111725,29.0,111725,2025-11-17,46
250530_19,AnimalWeight_g_111925,27.0,111925,2025-11-19,48
250530_19,AnimalWeight_g_112125,28.0,112125,2025-11-21,50
250530_19,AnimalWeight_g_112425,27.0,112425,2025-11-24,53
250530_19,AnimalWeight_g_112625,26.0,112625,2025-11-26,55
250530_19,AnimalWeight_g_112825,27.0,112825,2025-11-28,57
250530_19,AnimalWeight_g_120125,27.0,120125,2025-12-01,60
250530_19,AnimalWeight_g_120825,33.0,120825,2025-12-08,67
250530_19,AnimalWeight_g_121025,29.0,121025,2025-12-10,69
250530_19,AnimalWeight_g_121225,31.0,121225,2025-12-12,71
250530_2,AnimalWeight_100225,48.0,100225,2025-10-02,0
250530_2,AnimalWeight_g_100625,48.0,100625,2025-10-06,4
250530_2,AnimalWeight_g_100825,46.0,100825,2025-10-08,6
250530_2,AnimalWeight_g_101025,44.0,101025,2025-10-10,8
250530_2,AnimalWeight_g_101325,46.0,101325,2025-10-13,11
250530_2,AnimalWeight_g_101525,43.0,101525,2025-10-15,13
250530_2,AnimalWeight_g_101725,43.0,101725,2025-10-17,15
250530_2,AnimalWeight_g_102025,45.0,102025,2025-10-20,18
250530_2,AnimalWeight_g_102125,43.0,102125,2025-10-21,19
250530_2,AnimalWeight_g_102225,43.0,102225,2025-10-22,20
250530_2,AnimalWeight_g_102325,43.0,102325,2025-10-23,21
250530_2,AnimalWeight_g_102425,44.0,102425,2025-10-24,22
250530_2,AnimalWeight_g_102725,46.0,102725,2025-10-27,25
250530_2,AnimalWeight_g_102825,45.0,102825,2025-10-28,26
250530_2,AnimalWeight_g_103025,46.0,103025,2025-10-30,28
250530_2,AnimalWeight_g_103125,43.0,103125,2025-10-31,29
250530_2,AnimalWeight_g_110125,45.0,110125,2025-11-01,30
250530_2,AnimalWeight_g_110325,45.0,110325,2025-11-03,32
250530_2,AnimalWeight_g_110525,45.0,110525,2025-11-05,34
250530_2,AnimalWeight_g_110725,46.0,110725,2025-11-07,36
250530_2,AnimalWeight_g_111025,47.0,111025,2025-11-10,39
250530_2,AnimalWeight_g_111225,46.0,111225,2025-11-12,41
250530_2,AnimalWeight_g_111425,45.0,111425,2025-11-14,43
250530_2,AnimalWeight_g_111725,47.0,111725,2025-11-17,46
250530_2,AnimalWeight_g_111925,46.0,111925,2025-11-19,48
250530_2,AnimalWeight_g_112125,45.0,112125,2025-11-21,50
250530_2,AnimalWeight_g_112425,48.0,112425,2025-11-24,53
250530_2,AnimalWeight_g_112625,46.0,112625,2025-11-26,55
250530_2,AnimalWeight_g_112825,48.0,112825,2025-11-28,57
250530_2,AnimalWeight_g_120125,47.0,120125,2025-12-01,60
250530_2,AnimalWeight_g_120825,45.0,120825,2025-12-08,67
250530_2,AnimalWeight_g_121025,44.0,121025,2025-12-10,69
250530_2,AnimalWeight_g_121225,44.0,121225,2025-12-12,71
250530_20,AnimalWeight_100225,38.0,100225,2025-10-02,0
250530_20,AnimalWeight_g_100625,38.0,100625,2025-10-06,4
250530_20,AnimalWeight_g_100825,38.0,100825,2025-10-08,6
250530_20,AnimalWeight_g_101025,36.0,101025,2025-10-10,8
250530_20,AnimalWeight_g_101325,36.0,101325,2025-10-13,11
250530_20,AnimalWeight_g_101525,34.0,101525,2025-10-15,13
250530_20,AnimalWeight_g_101725,32.0,101725,2025-10-17,15
250530_20,AnimalWeight_g_102025,33.0,102025,2025-10-20,18
250530_20,AnimalWeight_g_102125,31.0,102125,2025-10-21,19
250530_20,AnimalWeight_g_102225,31.0,102225,2025-10-22,20
250530_20,AnimalWeight_g_102325,31.0,102325,2025-10-23,21
250530_20,AnimalWeight_g_102425,31.0,102425,2025-10-24,22
250530_20,AnimalWeight_g_102725,35.0,102725,2025-10-27,25
250530_20,AnimalWeight_g_102825,34.0,102825,2025-10-28,26
250530_20,AnimalWeight_g_103025,33.0,103025,2025-10-30,28
250530_20,AnimalWeight_g_103125,31.0,103125,2025-10-31,29
250530_20,AnimalWeight_g_110125,33.0,110125,2025-11-01,30
250530_20,AnimalWeight_g_110325,32.0,110325,2025-11-03,32
250530_20,AnimalWeight_g_110525,31.0,110525,2025-11-05,34
250530_20,AnimalWeight_g_110725,31.0,110725,2025-11-07,36
250530_20,AnimalWeight_g_111025,32.0,111025,2025-11-10,39
250530_20,AnimalWeight_g_111225,30.0,111225,2025-11-12,41
250530_20,AnimalWeight_g_111425,29.0,111425,2025-11-14,43
250530_20,AnimalWeight_g_111725,32.0,111725,2025-11-17,46
250530_20,AnimalWeight_g_111925,30.0,111925,2025-11-19,48
250530_20,AnimalWeight_g_112125,29.0,112125,2025-11-21,50
250530_20,AnimalWeight_g_112425,30.0,112425,2025-11-24,53
250530_20,AnimalWeight_g_112625,30.0,112625,2025-11-26,55
250530_20,AnimalWeight_g_112825,30.0,112825,2025-11-28,57
250530_20,AnimalWeight_g_120125,30.0,120125,2025-12-01,60
250530_20,AnimalWeight_g_120825,30.0,120825,2025-12-08,67
250530_20,AnimalWeight_g_121025,26.0,121025,2025-12-10,69
250530_20,AnimalWeight_g_121225,28.0,121225,2025-12-12,71
250530_21,AnimalWeight_100225,43.0,100225,2025-10-02,0
250530_21,AnimalWeight_g_100625,43.0,100625,2025-10-06,4
250530_21,AnimalWeight_g_100825,40.0,100825,2025-10-08,6
250530_21,AnimalWeight_g_101025,39.0,101025,2025-10-10,8
250530_21,AnimalWeight_g_101325,38.0,101325,2025-10-13,11
250530_21,AnimalWeight_g_101525,36.0,101525,2025-10-15,13
250530_21,AnimalWeight_g_101725,34.0,101725,2025-10-17,15
250530_21,AnimalWeight_g_102025,35.0,102025,2025-10-20,18
250530_21,AnimalWeight_g_102125,34.0,102125,2025-10-21,19
250530_21,AnimalWeight_g_102225,34.0,102225,2025-10-22,20
250530_21,AnimalWeight_g_102325,34.0,102325,2025-10-23,21
250530_21,AnimalWeight_g_102425,33.0,102425,2025-10-24,22
250530_21,AnimalWeight_g_102725,33.0,102725,2025-10-27,25
250530_21,AnimalWeight_g_102825,32.0,102825,2025-10-28,26
250530_21,AnimalWeight_g_103025,33.0,103025,2025-10-30,28
250530_21,AnimalWeight_g_103125,34.0,103125,2025-10-31,29
250530_21,AnimalWeight_g_110125,34.0,110125,2025-11-01,30
250530_21,AnimalWeight_g_110325,35.0,110325,2025-11-03,32
250530_21,AnimalWeight_g_110525,34.0,110525,2025-11-05,34
250530_21,AnimalWeight_g_110725,34.0,110725,2025-11-07,36
250530_21,AnimalWeight_g_111025,36.0,111025,2025-11-10,39
250530_21,AnimalWeight_g_111225,32.0,111225,2025-11-12,41
250530_21,AnimalWeight_g_111425,34.0,111425,2025-11-14,43
250530_21,AnimalWeight_g_111725,36.0,111725,2025-11-17,46
250530_21,AnimalWeight_g_111925,32.0,111925,2025-11-19,48
250530_21,AnimalWeight_g_112125,34.0,112125,2025-11-21,50
250530_21,AnimalWeight_g_112425,32.0,112425,2025-11-24,53
250530_21,AnimalWeight_g_112625,32.0,112625,2025-11-26,55
250530_21,AnimalWeight_g_112825,32.0,112825,2025-11-28,57
250530_21,AnimalWeight_g_120125,31.0,120125,2025-12-01,60
250530_21,AnimalWeight_g_120825,28.0,120825,2025-12-08,67
250530_21,AnimalWeight_g_121025,24.0,121025,2025-12-10,69
250530_21,AnimalWeight_g_121225,26.0,121225,2025-12-12,71
250530_22,AnimalWeight_100225,37.0,100225,2025-10-02,0
250530_22,AnimalWeight_g_100625,37.0,100625,2025-10-06,4
250530_22,AnimalWeight_g_100825,37.0,100825,2025-10-08,6
250530_22,AnimalWeight_g_101025,35.0,101025,2025-10-10,8
250530_22,AnimalWeight_g_101325,34.0,101325,2025-10-13,11
250530_22,AnimalWeight_g_101525,33.0,101525,2025-10-15,13
250530_22,AnimalWeight_g_101725,31.0,101725,2025-10-17,15
250530_22,AnimalWeight_g_102025,33.0,102025,2025-10-20,18
250530_22,AnimalWeight_g_102125,32.0,102125,2025-10-21,19
250530_22,AnimalWeight_g_102225,33.0,102225,2025-10-22,20
250530_22,AnimalWeight_g_102325,33.0,102325,2025-10-23,21
250530_22,AnimalWeight_g_102425,33.0,102425,2025-10-24,22
250530_22,AnimalWeight_g_102725,37.0,102725,2025-10-27,25
250530_22,AnimalWeight_g_102825,36.0,102825,2025-10-28,26
250530_22,AnimalWeight_g_103025,33.0,103025,2025-10-30,28
250530_22,AnimalWeight_g_103125,32.0,103125,2025-10-31,29
250530_22,AnimalWeight_g_110125,33.0,110125,2025-11-01,30
250530_22,AnimalWeight_g_110325,33.0,110325,2025-11-03,32
250530_22,AnimalWeight_g_110525,32.0,110525,2025-11-05,34
250530_22,AnimalWeight_g_110725,33.0,110725,2025-11-07,36
250530_22,AnimalWeight_g_111025,34.0,111025,2025-11-10,39
250530_22,AnimalWeight_g_111225,35.0,111225,2025-11-12,41
250530_22,AnimalWeight_g_111425,33.0,111425,2025-11-14,43
250530_22,AnimalWeight_g_111725,34.0,111725,2025-11-17,46
250530_22,AnimalWeight_g_111925,35.0,111925,2025-11-19,48
250530_22,AnimalWeight_g_112125,33.0,112125,2025-11-21,50
250530_22,AnimalWeight_g_112425,31.0,112425,2025-11-24,53
250530_22,AnimalWeight_g_112625,30.0,112625,2025-11-26,55
250530_22,AnimalWeight_g_112825,31.0,112825,2025-11-28,57
250530_22,AnimalWeight_g_120125,31.0,120125,2025-12-01,60
250530_22,AnimalWeight_g_120825,33.0,120825,2025-12-08,67
250530_22,AnimalWeight_g_121025,30.0,121025,2025-12-10,69
250530_22,AnimalWeight_g_121225,32.0,121225,2025-12-12,71
250530_23,AnimalWeight_100225,52.0,100225,2025-10-02,0
250530_23,AnimalWeight_g_100625,52.0,100625,2025-10-06,4
250530_23,AnimalWeight_g_100825,52.0,100825,2025-10-08,6
250530_23,AnimalWeight_g_101025,50.0,101025,2025-10-10,8
250530_23,AnimalWeight_g_101325,50.0,101325,2025-10-13,11
250530_23,AnimalWeight_g_101525,49.0,101525,2025-10-15,13
250530_23,AnimalWeight_g_101725,47.0,101725,2025-10-17,15
250530_23,AnimalWeight_g_102025,50.0,102025,2025-10-20,18
250530_23,AnimalWeight_g_102125,47.0,102125,2025-10-21,19
250530_23,AnimalWeight_g_102225,47.0,102225,2025-10-22,20
250530_23,AnimalWeight_g_102325,47.0,102325,2025-10-23,21
250530_23,AnimalWeight_g_102425,47.0,102425,2025-10-24,22
250530_23,AnimalWeight_g_102725,50.0,102725,2025-10-27,25
250530_23,AnimalWeight_g_102825,50.0,102825,2025-10-28,26
250530_23,AnimalWeight_g_103025,48.0,103025,2025-10-30,28
250530_23,AnimalWeight_g_103125,46.0,103125,2025-10-31,29
250530_23,AnimalWeight_g_110125,47.0,110125,2025-11-01,30
250530_23,AnimalWeight_g_110325,49.0,110325,2025-11-03,32
250530_23,AnimalWeight_g_110525,46.0,110525,2025-11-05,34
250530_23,AnimalWeight_g_110725,48.0,110725,2025-11-07,36
250530_23,AnimalWeight_g_111025,48.0,111025,2025-11-10,39
250530_23,AnimalWeight_g_111225,46.0,111225,2025-11-12,41
250530_23,AnimalWeight_g_111425,45.0,111425,2025-11-14,43
250530_23,AnimalWeight_g_111725,48.0,111725,2025-11-17,46
250530_23,AnimalWeight_g_111925,46.0,111925,2025-11-19,48
250530_23,AnimalWeight_g_112125,45.0,112125,2025-11-21,50
250530_23,AnimalWeight_g_112425,49.0,112425,2025-11-24,53
250530_23,AnimalWeight_g_112625,49.0,112625,2025-11-26,55
250530_23,AnimalWeight_g_112825,49.0,112825,2025-11-28,57
250530_23,AnimalWeight_g_120125,51.0,120125,2025-12-01,60
250530_23,AnimalWeight_g_120825,54.0,120825,2025-12-08,67
250530_23,AnimalWeight_g_121025,49.0,121025,2025-12-10,69
250530_23,AnimalWeight_g_121225,49.0,121225,2025-12-12,71
250530_25,AnimalWeight_100225,55.0,100225,2025-10-02,0
250530_25,AnimalWeight_g_100625,55.0,100625,2025-10-06,4
250530_25,AnimalWeight_g_100825,55.0,100825,2025-10-08,6
250530_25,AnimalWeight_g_101025,53.0,101025,2025-10-10,8
250530_25,AnimalWeight_g_101325,54.0,101325,2025-10-13,11
250530_25,AnimalWeight_g_101525,52.0,101525,2025-10-15,13
250530_25,AnimalWeight_g_101725,52.0,101725,2025-10-17,15
250530_25,AnimalWeight_g_102025,54.0,102025,2025-10-20,18
250530_25,AnimalWeight_g_102125,52.0,102125,2025-10-21,19
250530_25,AnimalWeight_g_102225,52.0,102225,2025-10-22,20
250530_25,AnimalWeight_g_102325,52.0,102325,2025-10-23,21
250530_25,AnimalWeight_g_102425,51.0,102425,2025-10-24,22
250530_25,AnimalWeight_g_102725,53.0,102725,2025-10-27,25
250530_25,AnimalWeight_g_102825,54.0,102825,2025-10-28,26
250530_25,AnimalWeight_g_103025,52.0,103025,2025-10-30,28
250530_25,AnimalWeight_g_103125,50.0,103125,2025-10-31,29
250530_25,AnimalWeight_g_110125,51.0,110125,2025-11-01,30
250530_25,AnimalWeight_g_110325,53.0,110325,2025-11-03,32
250530_25,AnimalWeight_g_110525,51.0,110525,2025-11-05,34
250530_25,AnimalWeight_g_110725,53.0,110725,2025-11-07,36
250530_25,AnimalWeight_g_111025,54.0,111025,2025-11-10,39
250530_25,AnimalWeight_g_111225,53.0,111225,2025-11-12,41
250530_25,AnimalWeight_g_111425,54.0,111425,2025-11-14,43
250530_25,AnimalWeight_g_111725,54.0,111725,2025-11-17,46
250530_25,AnimalWeight_g_111925,53.0,111925,2025-11-19,48
250530_25,AnimalWeight_g_112125,54.0,112125,2025-11-21,50
250530_25,AnimalWeight_g_112425,56.0,112425,2025-11-24,53
250530_25,AnimalWeight_g_112625,55.0,112625,2025-11-26,55
250530_25,AnimalWeight_g_112825,56.0,112825,2025-11-28,57
250530_25,AnimalWeight_g_120125,56.0,120125,2025-12-01,60
250530_25,AnimalWeight_g_120825,57.0,120825,2025-12-08,67
250530_25,AnimalWeight_g_121025,53.0,121025,2025-12-10,69
250530_25,AnimalWeight_g_121225,51.0,121225,2025-12-12,71
250530_26,AnimalWeight_100225,45.0,100225,2025-10-02,0
250530_26,AnimalWeight_g_100625,45.0,100625,2025-10-06,4
250530_26,AnimalWeight_g_100825,45.0,100825,2025-10-08,6
250530_26,AnimalWeight_g_101025,43.0,101025,2025-10-10,8
250530_26,AnimalWeight_g_101325,43.0,101325,2025-10-13,11
250530_26,AnimalWeight_g_101525,42.0,101525,2025-10-15,13
250530_26,AnimalWeight_g_101725,41.0,101725,2025-10-17,15
250530_26,AnimalWeight_g_102025,42.0,102025,2025-10-20,18
250530_26,AnimalWeight_g_102125,40.0,102125,2025-10-21,19
250530_26,AnimalWeight_g_102225,39.0,102225,2025-10-22,20
250530_26,AnimalWeight_g_102325,39.0,102325,2025-10-23,21
250530_26,AnimalWeight_g_102425,38.0,102425,2025-10-24,22
250530_26,AnimalWeight_g_102725,39.0,102725,2025-10-27,25
250530_26,AnimalWeight_g_102825,39.0,102825,2025-10-28,26
250530_26,AnimalWeight_g_103025,40.0,103025,2025-10-30,28
250530_26,AnimalWeight_g_103125,38.0,103125,2025-10-31,29
250530_26,AnimalWeight_g_110125,39.0,110125,2025-11-01,30
250530_26,AnimalWeight_g_110325,37.0,110325,2025-11-03,32
250530_26,AnimalWeight_g_110525,37.0,110525,2025-11-05,34
250530_26,AnimalWeight_g_110725,37.0,110725,2025-11-07,36
250530_26,AnimalWeight_g_111025,39.0,111025,2025-11-10,39
250530_26,AnimalWeight_g_111225,40.0,111225,2025-11-12,41
250530_26,AnimalWeight_g_111425,37.0,111425,2025-11-14,43
250530_26,AnimalWeight_g_111725,39.0,111725,2025-11-17,46
250530_26,AnimalWeight_g_111925,40.0,111925,2025-11-19,48
250530_26,AnimalWeight_g_112125,37.0,112125,2025-11-21,50
250530_26,AnimalWeight_g_112425,40.0,112425,2025-11-24,53
250530_26,AnimalWeight_g_112625,39.0,112625,2025-11-26,55
250530_26,AnimalWeight_g_112825,38.0,112825,2025-11-28,57
250530_26,AnimalWeight_g_120125,39.0,120125,2025-12-01,60
250530_26,AnimalWeight_g_120825,42.0,120825,2025-12-08,67
250530_26,AnimalWeight_g_121025,38.0,121025,2025-12-10,69
250530_26,AnimalWeight_g_121225,39.0,121225,2025-12-12,71
250530_27,AnimalWeight_100225,47.0,100225,2025-10-02,0
250530_27,AnimalWeight_g_100625,47.0,100625,2025-10-06,4
250530_27,AnimalWeight_g_100825,46.0,100825,2025-10-08,6
250530_27,AnimalWeight_g_101025,44.0,101025,2025-10-10,8
250530_27,AnimalWeight_g_101325,43.0,101325,2025-10-13,11
250530_27,AnimalWeight_g_101525,41.0,101525,2025-10-15,13
250530_27,AnimalWeight_g_101725,40.0,101725,2025-10-17,15
250530_27,AnimalWeight_g_102025,42.0,102025,2025-10-20,18
250530_27,AnimalWeight_g_102125,40.0,102125,2025-10-21,19
250530_27,AnimalWeight_g_102225,41.0,102225,2025-10-22,20
250530_27,AnimalWeight_g_102325,41.0,102325,2025-10-23,21
250530_27,AnimalWeight_g_102425,40.0,102425,2025-10-24,22
250530_27,AnimalWeight_g_102725,42.0,102725,2025-10-27,25
250530_27,AnimalWeight_g_102825,42.0,102825,2025-10-28,26
250530_27,AnimalWeight_g_103025,40.0,103025,2025-10-30,28
250530_27,AnimalWeight_g_103125,39.0,103125,2025-10-31,29
250530_27,AnimalWeight_g_110125,39.0,110125,2025-11-01,30
250530_27,AnimalWeight_g_110325,42.0,110325,2025-11-03,32
250530_27,AnimalWeight_g_110525,39.0,110525,2025-11-05,34
250530_27,AnimalWeight_g_110725,39.0,110725,2025-11-07,36
250530_27,AnimalWeight_g_111025,42.0,111025,2025-11-10,39
250530_27,AnimalWeight_g_111225,39.0,111225,2025-11-12,41
250530_27,AnimalWeight_g_111425,41.0,111425,2025-11-14,43
250530_27,AnimalWeight_g_111725,42.0,111725,2025-11-17,46
250530_27,AnimalWeight_g_111925,39.0,111925,2025-11-19,48
250530_27,AnimalWeight_g_112125,41.0,112125,2025-11-21,50
250530_27,AnimalWeight_g_112425,40.0,112425,2025-11-24,53
250530_27,AnimalWeight_g_112625,40.0,112625,2025-11-26,55
250530_27,AnimalWeight_g_112825,41.0,112825,2025-11-28,57
250530_27,AnimalWeight_g_120125,42.0,120125,2025-12-01,60
250530_27,AnimalWeight_g_120825,43.0,120825,2025-12-08,67
250530_27,AnimalWeight_g_121025,39.0,121025,2025-12-10,69
250530_27,AnimalWeight_g_121225,41.0,121225,2025-12-12,71
250530_28,AnimalWeight_100225,48.0,100225,2025-10-02,0
250530_28,AnimalWeight_g_100625,48.0,100625,2025-10-06,4
250530_28,AnimalWeight_g_100825,48.0,100825,2025-10-08,6
250530_28,AnimalWeight_g_101025,46.0,101025,2025-10-10,8
250530_28,AnimalWeight_g_101325,46.0,101325,2025-10-13,11
250530_28,AnimalWeight_g_101525,44.0,101525,2025-10-15,13
250530_28,AnimalWeight_g_101725,43.0,101725,2025-10-17,15
250530_28,AnimalWeight_g_102025,44.0,102025,2025-10-20,18
250530_28,AnimalWeight_g_102125,42.0,102125,2025-10-21,19
250530_28,AnimalWeight_g_102225,43.0,102225,2025-10-22,20
250530_28,AnimalWeight_g_102325,43.0,102325,2025-10-23,21
250530_28,AnimalWeight_g_102425,42.0,102425,2025-10-24,22
250530_28,AnimalWeight_g_102725,45.0,102725,2025-10-27,25
250530_28,AnimalWeight_g_102825,45.0,102825,2025-10-28,26
250530_28,AnimalWeight_g_103025,44.0,103025,2025-10-30,28
250530_28,AnimalWeight_g_103125,43.0,103125,2025-10-31,29
250530_28,AnimalWeight_g_110125,44.0,110125,2025-11-01,30
250530_28,AnimalWeight_g_110325,45.0,110325,2025-11-03,32
250530_28,AnimalWeight_g_110525,44.0,110525,2025-11-05,34
250530_28,AnimalWeight_g_110725,45.0,110725,2025-11-07,36
250530_28,AnimalWeight_g_111025,45.0,111025,2025-11-10,39
250530_28,AnimalWeight_g_111225,38.0,111225,2025-11-12,41
250530_28,AnimalWeight_g_111425,38.0,111425,2025-11-14,43
250530_28,AnimalWeight_g_111725,40.0,111725,2025-11-17,46
250530_28,AnimalWeight_g_111925,38.0,111925,2025-11-19,48
250530_28,AnimalWeight_g_112125,38.0,112125,2025-11-21,50
250530_28,AnimalWeight_g_112425,42.0,112425,2025-11-24,53
250530_28,AnimalWeight_g_112625,42.0,112625,2025-11-26,55
250530_28,AnimalWeight_g_112825,43.0,112825,2025-11-28,57
250530_28,AnimalWeight_g_120125,43.0,120125,2025-12-01,60
250530_28,AnimalWeight_g_120825,45.0,120825,2025-12-08,67
250530_28,AnimalWeight_g_121025,39.0,121025,2025-12-10,69
250530_28,AnimalWeight_g_121225,42.0,121225,2025-12-12,71
250530_29,AnimalWeight_100225,46.0,100225,2025-10-02,0
250530_29,AnimalWeight_g_100625,46.0,100625,2025-10-06,4
250530_29,AnimalWeight_g_100825,46.0,100825,2025-10-08,6
250530_29,AnimalWeight_g_101025,44.0,101025,2025-10-10,8
250530_29,AnimalWeight_g_101325,44.0,101325,2025-10-13,11
250530_29,AnimalWeight_g_101525,43.0,101525,2025-10-15,13
250530_29,AnimalWeight_g_101725,42.0,101725,2025-10-17,15
250530_29,AnimalWeight_g_102025,42.0,102025,2025-10-20,18
250530_29,AnimalWeight_g_102125,41.0,102125,2025-10-21,19
250530_29,AnimalWeight_g_102225,42.0,102225,2025-10-22,20
250530_29,AnimalWeight_g_102325,42.0,102325,2025-10-23,21
250530_29,AnimalWeight_g_102425,43.0,102425,2025-10-24,22
250530_29,AnimalWeight_g_102725,45.0,102725,2025-10-27,25
250530_29,AnimalWeight_g_102825,46.0,102825,2025-10-28,26
250530_29,AnimalWeight_g_103025,44.0,103025,2025-10-30,28
250530_29,AnimalWeight_g_103125,44.0,103125,2025-10-31,29
250530_29,AnimalWeight_g_110125,45.0,110125,2025-11-01,30
250530_29,AnimalWeight_g_110325,45.0,110325,2025-11-03,32
250530_29,AnimalWeight_g_110525,45.0,110525,2025-11-05,34
250530_29,AnimalWeight_g_110725,45.0,110725,2025-11-07,36
250530_29,AnimalWeight_g_111025,42.0,111025,2025-11-10,39
250530_29,AnimalWeight_g_111225,39.0,111225,2025-11-12,41
250530_29,AnimalWeight_g_111425,39.0,111425,2025-11-14,43
250530_29,AnimalWeight_g_111725,44.0,111725,2025-11-17,46
250530_29,AnimalWeight_g_111925,39.0,111925,2025-11-19,48
250530_29,AnimalWeight_g_112125,39.0,112125,2025-11-21,50
250530_29,AnimalWeight_g_112425,44.0,112425,2025-11-24,53
250530_29,AnimalWeight_g_112625,43.0,112625,2025-11-26,55
250530_29,AnimalWeight_g_112825,45.0,112825,2025-11-28,57
250530_29,AnimalWeight_g_120125,44.0,120125,2025-12-01,60
250530_29,AnimalWeight_g_120825,46.0,120825,2025-12-08,67
250530_29,AnimalWeight_g_121025,43.0,121025,2025-12-10,69
250530_29,AnimalWeight_g_121225,42.0,121225,2025-12-12,71
250530_3,AnimalWeight_100225,50.0,100225,2025-10-02,0
250530_3,AnimalWeight_g_100625,50.0,100625,2025-10-06,4
250530_3,AnimalWeight_g_100825,46.0,100825,2025-10-08,6
250530_3,AnimalWeight_g_101025,44.0,101025,2025-10-10,8
250530_3,AnimalWeight_g_101325,45.0,101325,2025-10-13,11
250530_3,AnimalWeight_g_101525,41.0,101525,2025-10-15,13
250530_3,AnimalWeight_g_101725,42.0,101725,2025-10-17,15
250530_3,AnimalWeight_g_102025,43.0,102025,2025-10-20,18
250530_3,AnimalWeight_g_102125,41.0,102125,2025-10-21,19
250530_3,AnimalWeight_g_102225,41.0,102225,2025-10-22,20
250530_3,AnimalWeight_g_102325,41.0,102325,2025-10-23,21
250530_3,AnimalWeight_g_102425,40.0,102425,2025-10-24,22
250530_3,AnimalWeight_g_102725,42.0,102725,2025-10-27,25
250530_3,AnimalWeight_g_102825,42.0,102825,2025-10-28,26
250530_3,AnimalWeight_g_103025,41.0,103025,2025-10-30,28
250530_3,AnimalWeight_g_103125,40.0,103125,2025-10-31,29
250530_3,AnimalWeight_g_110125,40.0,110125,2025-11-01,30
250530_3,AnimalWeight_g_110325,41.0,110325,2025-11-03,32
250530_3,AnimalWeight_g_110525,40.0,110525,2025-11-05,34
250530_3,AnimalWeight_g_110725,41.0,110725,2025-11-07,36
250530_3,AnimalWeight_g_111025,42.0,111025,2025-11-10,39
250530_3,AnimalWeight_g_111225,40.0,111225,2025-11-12,41
250530_3,AnimalWeight_g_111425,40.0,111425,2025-11-14,43
250530_3,AnimalWeight_g_111725,42.0,111725,2025-11-17,46
250530_3,AnimalWeight_g_111925,40.0,111925,2025-11-19,48
250530_3,AnimalWeight_g_112125,40.0,112125,2025-11-21,50
250530_3,AnimalWeight_g_112425,43.0,112425,2025-11-24,53
250530_3,AnimalWeight_g_112625,42.0,112625,2025-11-26,55
250530_3,AnimalWeight_g_112825,43.0,112825,2025-11-28,57
250530_3,AnimalWeight_g_120125,44.0,120125,2025-12-01,60
250530_3,AnimalWeight_g_120825,42.0,120825,2025-12-08,67
250530_3,AnimalWeight_g_121025,42.0,121025,2025-12-10,69
250530_3,AnimalWeight_g_121225,42.0,121225,2025-12-12,71
250530_30,AnimalWeight_100225,48.0,100225,2025-10-02,0
250530_30,AnimalWeight_g_100625,48.0,100625,2025-10-06,4
250530_30,AnimalWeight_g_100825,48.0,100825,2025-10-08,6
250530_30,AnimalWeight_g_101025,45.0,101025,2025-10-10,8
250530_30,AnimalWeight_g_101325,46.0,101325,2025-10-13,11
250530_30,AnimalWeight_g_101525,44.0,101525,2025-10-15,13
250530_30,AnimalWeight_g_101725,43.0,101725,2025-10-17,15
250530_30,AnimalWeight_g_102025,43.0,102025,2025-10-20,18
250530_30,AnimalWeight_g_102125,42.0,102125,2025-10-21,19
250530_30,AnimalWeight_g_102225,41.0,102225,2025-10-22,20
250530_30,AnimalWeight_g_102325,41.0,102325,2025-10-23,21
250530_30,AnimalWeight_g_102425,40.0,102425,2025-10-24,22
250530_30,AnimalWeight_g_102725,42.0,102725,2025-10-27,25
250530_30,AnimalWeight_g_102825,42.0,102825,2025-10-28,26
250530_30,AnimalWeight_g_103025,41.0,103025,2025-10-30,28
250530_30,AnimalWeight_g_103125,40.0,103125,2025-10-31,29
250530_30,AnimalWeight_g_110125,40.0,110125,2025-11-01,30
250530_30,AnimalWeight_g_110325,41.0,110325,2025-11-03,32
250530_30,AnimalWeight_g_110525,41.0,110525,2025-11-05,34
250530_30,AnimalWeight_g_110725,42.0,110725,2025-11-07,36
250530_30,AnimalWeight_g_111025,42.0,111025,2025-11-10,39
250530_30,AnimalWeight_g_111225,43.0,111225,2025-11-12,41
250530_30,AnimalWeight_g_111425,44.0,111425,2025-11-14,43
250530_30,AnimalWeight_g_111725,45.0,111725,2025-11-17,46
250530_30,AnimalWeight_g_111925,43.0,111925,2025-11-19,48
250530_30,AnimalWeight_g_112125,44.0,112125,2025-11-21,50
250530_30,AnimalWeight_g_112425,35.0,112425,2025-11-24,53
250530_30,AnimalWeight_g_112625,37.0,112625,2025-11-26,55
250530_30,AnimalWeight_g_112825,35.0,112825,2025-11-28,57
250530_30,AnimalWeight_g_120125,34.0,120125,2025-12-01,60
250530_30,AnimalWeight_g_120825,35.0,120825,2025-12-08,67
250530_30,AnimalWeight_g_121025,32.0,121025,2025-12-10,69
250530_30,AnimalWeight_g_121225,31.0,121225,2025-12-12,71
250530_31,AnimalWeight_100225,47.0,100225,2025-10-02,0
250530_31,AnimalWeight_g_100625,47.0,100625,2025-10-06,4
250530_31,AnimalWeight_g_100825,45.0,100825,2025-10-08,6
250530_31,AnimalWeight_g_101025,43.0,101025,2025-10-10,8
250530_31,AnimalWeight_g_101325,43.0,101325,2025-10-13,11
250530_31,AnimalWeight_g_101525,41.0,101525,2025-10-15,13
250530_31,AnimalWeight_g_101725,39.0,101725,2025-10-17,15
250530_31,AnimalWeight_g_102025,40.0,102025,2025-10-20,18
250530_31,AnimalWeight_g_102125,38.0,102125,2025-10-21,19
250530_31,AnimalWeight_g_102225,39.0,102225,2025-10-22,20
250530_31,AnimalWeight_g_102325,39.0,102325,2025-10-23,21
250530_31,AnimalWeight_g_102425,39.0,102425,2025-10-24,22
250530_31,AnimalWeight_g_102725,40.0,102725,2025-10-27,25
250530_31,AnimalWeight_g_102825,42.0,102825,2025-10-28,26
250530_31,AnimalWeight_g_103025,40.0,103025,2025-10-30,28
250530_31,AnimalWeight_g_103125,39.0,103125,2025-10-31,29
250530_31,AnimalWeight_g_110125,30.0,110125,2025-11-01,30
250530_31,AnimalWeight_g_110325,40.0,110325,2025-11-03,32
250530_31,AnimalWeight_g_110525,38.0,110525,2025-11-05,34
250530_31,AnimalWeight_g_110725,40.0,110725,2025-11-07,36
250530_31,AnimalWeight_g_111025,40.0,111025,2025-11-10,39
250530_31,AnimalWeight_g_111225,43.0,111225,2025-11-12,41
250530_31,AnimalWeight_g_111425,43.0,111425,2025-11-14,43
250530_31,AnimalWeight_g_111725,42.0,111725,2025-11-17,46
250530_31,AnimalWeight_g_111925,43.0,111925,2025-11-19,48
250530_31,AnimalWeight_g_112125,43.0,112125,2025-11-21,50
250530_31,AnimalWeight_g_112425,38.0,112425,2025-11-24,53
250530_31,AnimalWeight_g_112625,34.0,112625,2025-11-26,55
250530_31,AnimalWeight_g_112825,38.0,112825,2025-11-28,57
250530_31,AnimalWeight_g_120125,37.0,120125,2025-12-01,60
250530_31,AnimalWeight_g_120825,38.0,120825,2025-12-08,67
250530_31,AnimalWeight_g_121025,35.0,121025,2025-12-10,69
250530_31,AnimalWeight_g_121225,35.0,121225,2025-12-12,71
250530_4,AnimalWeight_100225,53.0,100225,2025-10-02,0
250530_4,AnimalWeight_g_100625,53.0,100625,2025-10-06,4
250530_4,AnimalWeight_g_100825,50.0,100825,2025-10-08,6
250530_4,AnimalWeight_g_101025,51.0,101025,2025-10-10,8
250530_4,AnimalWeight_g_101325,51.0,101325,2025-10-13,11
250530_4,AnimalWeight_g_101525,48.0,101525,2025-10-15,13
250530_4,AnimalWeight_g_101725,48.0,101725,2025-10-17,15
250530_4,AnimalWeight_g_102025,49.0,102025,2025-10-20,18
250530_4,AnimalWeight_g_102125,47.0,102125,2025-10-21,19
250530_4,AnimalWeight_g_102225,48.0,102225,2025-10-22,20
250530_4,AnimalWeight_g_102325,48.0,102325,2025-10-23,21
250530_4,AnimalWeight_g_102425,47.0,102425,2025-10-24,22
250530_4,AnimalWeight_g_102725,49.0,102725,2025-10-27,25
250530_4,AnimalWeight_g_102825,49.0,102825,2025-10-28,26
250530_4,AnimalWeight_g_103025,47.0,103025,2025-10-30,28
250530_4,AnimalWeight_g_103125,46.0,103125,2025-10-31,29
250530_4,AnimalWeight_g_110125,46.0,110125,2025-11-01,30
250530_4,AnimalWeight_g_110325,47.0,110325,2025-11-03,32
250530_4,AnimalWeight_g_110525,47.0,110525,2025-11-05,34
250530_4,AnimalWeight_g_110725,48.0,110725,2025-11-07,36
250530_4,AnimalWeight_g_111025,50.0,111025,2025-11-10,39
250530_4,AnimalWeight_g_111225,48.0,111225,2025-11-12,41
250530_4,AnimalWeight_g_111425,48.0,111425,2025-11-14,43
250530_4,AnimalWeight_g_111725,50.0,111725,2025-11-17,46
250530_4,AnimalWeight_g_111925,48.0,111925,2025-11-19,48
250530_4,AnimalWeight_g_112125,48.0,112125,2025-11-21,50
250530_4,AnimalWeight_g_112425,49.0,112425,2025-11-24,53
250530_4,AnimalWeight_g_112625,50.0,112625,2025-11-26,55
250530_4,AnimalWeight_g_112825,49.0,112825,2025-11-28,57
250530_4,AnimalWeight_g_120125,50.0,120125,2025-12-01,60
250530_4,AnimalWeight_g_120825,49.0,120825,2025-12-08,67
250530_4,AnimalWeight_g_121025,47.0,121025,2025-12-10,69
250530_4,AnimalWeight_g_121225,48.0,121225,2025-12-12,71
250530_5,AnimalWeight_100225,55.0,100225,2025-10-02,0
250530_5,AnimalWeight_g_100625,55.0,100625,2025-10-06,4
250530_5,AnimalWeight_g_100825,52.0,100825,2025-10-08,6
250530_5,AnimalWeight_g_101025,52.0,101025,2025-10-10,8
250530_5,AnimalWeight_g_101325,52.0,101325,2025-10-13,11
250530_5,AnimalWeight_g_101525,50.0,101525,2025-10-15,13
250530_5,AnimalWeight_g_101725,50.0,101725,2025-10-17,15
250530_5,AnimalWeight_g_102025,51.0,102025,2025-10-20,18
250530_5,AnimalWeight_g_102125,50.0,102125,2025-10-21,19
250530_5,AnimalWeight_g_102225,49.0,102225,2025-10-22,20
250530_5,AnimalWeight_g_102325,49.0,102325,2025-10-23,21
250530_5,AnimalWeight_g_102425,49.0,102425,2025-10-24,22
250530_5,AnimalWeight_g_102725,52.0,102725,2025-10-27,25
250530_5,AnimalWeight_g_102825,51.0,102825,2025-10-28,26
250530_5,AnimalWeight_g_103025,53.0,103025,2025-10-30,28
250530_5,AnimalWeight_g_103125,50.0,103125,2025-10-31,29
250530_5,AnimalWeight_g_110125,51.0,110125,2025-11-01,30
250530_5,AnimalWeight_g_110325,52.0,110325,2025-11-03,32
250530_5,AnimalWeight_g_110525,51.0,110525,2025-11-05,34
250530_5,AnimalWeight_g_110725,53.0,110725,2025-11-07,36
250530_5,AnimalWeight_g_111025,55.0,111025,2025-11-10,39
250530_5,AnimalWeight_g_111225,52.0,111225,2025-11-12,41
250530_5,AnimalWeight_g_111425,52.0,111425,2025-11-14,43
250530_5,AnimalWeight_g_111725,55.0,111725,2025-11-17,46
250530_5,AnimalWeight_g_111925,52.0,111925,2025-11-19,48
250530_5,AnimalWeight_g_112125,52.0,112125,2025-11-21,50
250530_5,AnimalWeight_g_112425,54.0,112425,2025-11-24,53
250530_5,AnimalWeight_g_112625,54.0,112625,2025-11-26,55
250530_5,AnimalWeight_g_112825,54.0,112825,2025-11-28,57
250530_5,AnimalWeight_g_120125,36.0,120125,2025-12-01,60
250530_5,AnimalWeight_g_120825,55.0,120825,2025-12-08,67
250530_5,AnimalWeight_g_121025,52.0,121025,2025-12-10,69
250530_5,AnimalWeight_g_121225,54.0,121225,2025-12-12,71
250530_6,AnimalWeight_100225,53.0,100225,2025-10-02,0
250530_6,AnimalWeight_g_100625,53.0,100625,2025-10-06,4
250530_6,AnimalWeight_g_100825,53.0,100825,2025-10-08,6
250530_6,AnimalWeight_g_101025,49.0,101025,2025-10-10,8
250530_6,AnimalWeight_g_101325,49.0,101325,2025-10-13,11
250530_6,AnimalWeight_g_101525,47.0,101525,2025-10-15,13
250530_6,AnimalWeight_g_101725,46.0,101725,2025-10-17,15
250530_6,AnimalWeight_g_102025,47.0,102025,2025-10-20,18
250530_6,AnimalWeight_g_102125,45.0,102125,2025-10-21,19
250530_6,AnimalWeight_g_102225,44.0,102225,2025-10-22,20
250530_6,AnimalWeight_g_102325,44.0,102325,2025-10-23,21
250530_6,AnimalWeight_g_102425,43.0,102425,2025-10-24,22
250530_6,AnimalWeight_g_102725,47.0,102725,2025-10-27,25
250530_6,AnimalWeight_g_102825,47.0,102825,2025-10-28,26
250530_6,AnimalWeight_g_103025,45.0,103025,2025-10-30,28
250530_6,AnimalWeight_g_103125,43.0,103125,2025-10-31,29
250530_6,AnimalWeight_g_110125,44.0,110125,2025-11-01,30
250530_6,AnimalWeight_g_110325,45.0,110325,2025-11-03,32
250530_6,AnimalWeight_g_110525,44.0,110525,2025-11-05,34
250530_6,AnimalWeight_g_110725,40.0,110725,2025-11-07,36
250530_6,AnimalWeight_g_111025,48.0,111025,2025-11-10,39
250530_6,AnimalWeight_g_111225,45.0,111225,2025-11-12,41
250530_6,AnimalWeight_g_111425,45.0,111425,2025-11-14,43
250530_6,AnimalWeight_g_111725,48.0,111725,2025-11-17,46
250530_6,AnimalWeight_g_111925,45.0,111925,2025-11-19,48
250530_6,AnimalWeight_g_112125,45.0,112125,2025-11-21,50
250530_6,AnimalWeight_g_112425,47.0,112425,2025-11-24,53
250530_6,AnimalWeight_g_112625,48.0,112625,2025-11-26,55
250530_6,AnimalWeight_g_112825,46.0,112825,2025-11-28,57
250530_6,AnimalWeight_g_120125,40.0,120125,2025-12-01,60
250530_6,AnimalWeight_g_120825,45.0,120825,2025-12-08,67
250530_6,AnimalWeight_g_121025,44.0,121025,2025-12-10,69
250530_6,AnimalWeight_g_121225,43.0,121225,2025-12-12,71
250530_8,AnimalWeight_100225,40.0,100225,2025-10-02,0
250530_8,AnimalWeight_g_100625,40.0,100625,2025-10-06,4
250530_8,AnimalWeight_g_100825,36.0,100825,2025-10-08,6
250530_8,AnimalWeight_g_101025,34.0,101025,2025-10-10,8
250530_8,AnimalWeight_g_101325,33.0,101325,2025-10-13,11
250530_8,AnimalWeight_g_101525,31.0,101525,2025-10-15,13
250530_8,AnimalWeight_g_101725,31.0,101725,2025-10-17,15
250530_8,AnimalWeight_g_102025,32.0,102025,2025-10-20,18
250530_8,AnimalWeight_g_102125,31.0,102125,2025-10-21,19
250530_8,AnimalWeight_g_102225,31.0,102225,2025-10-22,20
250530_8,AnimalWeight_g_102325,31.0,102325,2025-10-23,21
250530_8,AnimalWeight_g_102425,30.0,102425,2025-10-24,22
250530_8,AnimalWeight_g_102725,32.0,102725,2025-10-27,25
250530_8,AnimalWeight_g_102825,32.0,102825,2025-10-28,26
250530_8,AnimalWeight_g_103025,32.0,103025,2025-10-30,28
250530_8,AnimalWeight_g_103125,30.0,103125,2025-10-31,29
250530_8,AnimalWeight_g_110125,31.0,110125,2025-11-01,30
250530_8,AnimalWeight_g_110325,32.0,110325,2025-11-03,32
250530_8,AnimalWeight_g_110525,29.0,110525,2025-11-05,34
250530_8,AnimalWeight_g_110725,31.0,110725,2025-11-07,36
250530_8,AnimalWeight_g_111025,30.0,111025,2025-11-10,39
250530_8,AnimalWeight_g_111225,30.0,111225,2025-11-12,41
250530_8,AnimalWeight_g_111425,30.0,111425,2025-11-14,43
250530_8,AnimalWeight_g_111725,30.0,111725,2025-11-17,46
250530_8,AnimalWeight_g_111925,30.0,111925,2025-11-19,48
250530_8,AnimalWeight_g_112125,30.0,112125,2025-11-21,50
250530_8,AnimalWeight_g_112425,32.0,112425,2025-11-24,53
250530_8,AnimalWeight_g_112625,33.0,112625,2025-11-26,55
250530_8,AnimalWeight_g_112825,33.0,112825,2025-11-28,57
250530_8,AnimalWeight_g_120125,33.0,120125,2025-12-01,60
250530_8,AnimalWeight_g_120825,30.0,120825,2025-12-08,67
250530_8,AnimalWeight_g_121025,31.0,121025,2025-12-10,69
250530_8,AnimalWeight_g_121225,29.0,121225,2025-12-12,71
250530_9,AnimalWeight_100225,53.0,100225,2025-10-02,0
250530_9,AnimalWeight_g_100625,53.0,100625,2025-10-06,4
250530_9,AnimalWeight_g_100825,49.0,100825,2025-10-08,6
250530_9,AnimalWeight_g_101025,46.0,101025,2025-10-10,8
250530_9,AnimalWeight_g_101325,42.0,101325,2025-10-13,11
250530_9,AnimalWeight_g_101525,38.0,101525,2025-10-15,13
250530_9,AnimalWeight_g_101725,38.0,101725,2025-10-17,15
250530_9,AnimalWeight_g_102025,35.0,102025,2025-10-20,18
250530_9,AnimalWeight_g_102125,31.0,102125,2025-10-21,19
250530_9,AnimalWeight_g_102225,32.0,102225,2025-10-22,20
250530_9,AnimalWeight_g_102325,32.0,102325,2025-10-23,21
250530_9,AnimalWeight_g_102425,32.0,102425,2025-10-24,22
250530_9,AnimalWeight_g_102725,36.0,102725,2025-10-27,25
250530_9,AnimalWeight_g_102825,36.0,102825,2025-10-28,26
250530_9,AnimalWeight_g_103025,36.0,103025,2025-10-30,28
250530_9,AnimalWeight_g_103125,33.0,103125,2025-10-31,29
250530_9,AnimalWeight_g_110125,34.0,110125,2025-11-01,30
250530_9,AnimalWeight_g_110325,36.0,110325,2025-11-03,32
250530_9,AnimalWeight_g_110525,33.0,110525,2025-11-05,34
250530_9,AnimalWeight_g_110725,34.0,110725,2025-11-07,36
250530_9,AnimalWeight_g_111025,30.0,111025,2025-11-10,39
250530_9,AnimalWeight_g_111225,31.0,111225,2025-11-12,41
250530_9,AnimalWeight_g_111425,32.0,111425,2025-11-14,43
250530_9,AnimalWeight_g_111725,30.0,111725,2025-11-17,46
250530_9,AnimalWeight_g_111925,31.0,111925,2025-11-19,48
250530_9,AnimalWeight_g_112125,32.0,112125,2025-11-21,50
250530_9,AnimalWeight_g_112425,33.0,112425,2025-11-24,53
250530_9,AnimalWeight_g_112625,33.0,112625,2025-11-26,55
250530_9,AnimalWeight_g_112825,33.0,112825,2025-11-28,57
250530_9,AnimalWeight_g_120125,33.0,120125,2025-12-01,60
250530_9,AnimalWeight_g_120825,39.0,120825,2025-12-08,67
250530_9,AnimalWeight_g_121025,38.0,121025,2025-12-10,69
250530_9,AnimalWeight_g_121225,31.0,121225,2025-12-12,71
