Animal_ID,AnimalWeight_g_100825,AnimalWeight_g_121025,delta_mass,Genotype,Sex,genotype_label,day5_SW_TOTAL,day8_SW_TOTAL,delta_memory
250530_1,46,37.0,-19.565217391304348,APOE22HN,M,APOE ε2,0.3690735102218356,0.24325081737505838,-0.12582269284677722
250530_2,46,44.0,-4.3478260869565215,APOE22HN,M,APOE ε2,0.3883042953251682,0.4327179046801202,0.04441360935495203
250530_3,46,42.0,-8.695652173913043,APOE22HN,M,APOE ε2,0.3992141453831041,0.22836891693318348,-0.17084522844992064
250530_4,50,47.0,-6.0,APOE22HN,M,APOE ε2,0.3532879818594104,0.3058001035732781,-0.04748787828613232
250530_5,52,52.0,0.0,APOE22HN,M,APOE ε2,0.5216684205491247,0.3454214273886405,-0.17624699316048414
250530_6,53,44.0,-16.9811320754717,APOE22HN,M,APOE ε2,0.33587025459816977,0.40836012861736337,0.0724898740191936
250530_8,36,31.0,-13.88888888888889,APOE22HN,F,APOE ε2,0.6242715752474332,0.3496263207628211,-0.2746452544846121
250530_9,49,38.0,-22.448979591836736,APOE22HN,F,APOE ε2,0.5732969407483226,0.3602897400277833,-0.2130072007205393
250530_11,41,34.0,-17.073170731707318,APOE33HN,M,APOE ε3,0.20437200879575734,0.22769328937573113,0.02332128057997379
250530_12,44,35.0,-20.454545454545457,APOE33HN,M,APOE ε3,0.25383901886014637,0.35815566663266346,0.10431664777251709
250530_13,45,35.0,-22.22222222222222,APOE33HN,M,APOE ε3,0.21673953778888194,0.12551234174332818,-0.09122719604555377
250530_14,45,34.0,-24.444444444444443,APOE33HN,M,APOE ε3,0.17069932133372678,0.26397032427904754,0.09327100294532076
250530_15,41,33.0,-19.51219512195122,APOE33HN,F,APOE ε3,0.18425135764158262,0.11663366336633663,-0.067617694275246
250530_16,37,33.0,-10.81081081081081,APOE33HN,F,APOE ε3,0.4819915254237288,0.3718034993270525,-0.11018802609667633
250530_18,45,39.0,-13.333333333333334,APOE33HN,F,APOE ε3,0.42549778239124286,0.2798942317109,-0.14560355068034286
250530_19,31,29.0,-6.451612903225806,APOE33HN,F,APOE ε3,0.5311739374648943,0.4043278084714549,-0.1268461289934394
250530_20,38,26.0,-31.57894736842105,APOE33HN,F,APOE ε3,0.3434081216391619,0.3827403352719808,0.03933221363281891
250530_21,40,24.0,-40.0,APOE33HN,F,APOE ε3,0.8308191403081914,0.2856523623753793,-0.5451667779328121
250530_22,37,30.0,-18.91891891891892,APOE33HN,F,APOE ε3,0.4181724315952504,0.3148820326678766,-0.1032903989273738
250530_23,52,49.0,-5.769230769230769,APOE44HN,M,APOE ε4,0.43917028461167384,0.35383475361244904,-0.0853355309992248
250530_25,55,53.0,-3.6363636363636362,APOE44HN,M,APOE ε4,0.46509895722494154,0.305265357292102,-0.15983359993283952
250530_26,45,38.0,-15.555555555555555,APOE44HN,M,APOE ε4,0.2604037442201421,0.28646876707339286,0.02606502285325074
250530_27,46,39.0,-15.217391304347828,APOE44HN,F,APOE ε4,0.22255350867852197,0.2776147657359205,0.055061257057398505
250530_28,48,39.0,-18.75,APOE44HN,F,APOE ε4,0.3716561336680807,0.2952549746233787,-0.07640115904470202
250530_29,46,43.0,-6.521739130434782,APOE44HN,F,APOE ε4,0.2892385786802031,0.368276154171961,0.07903757549175794
250530_30,48,32.0,-33.33333333333333,APOE44HN,F,APOE ε4,0.3787118780096308,0.47718368287623875,0.09847180486660795
250530_31,45,35.0,-22.22222222222222,APOE44HN,F,APOE ε4,0.259540281187235,0.10415200562983815,-0.15538827555739684
